order_id,1,2,3,process_type,5,plan_released_by,7,task_name,9,10,order_issued_date,11,12,13
NCCM_26300,23-01-2014 15:37,NORMAL,IN PROGRESS,BTNCCM,5,omprakash.kore,Provisioning-Network,NCCM_BM_Tx_ConfigureTxServiceInPEWindow,,,10-06-2014 12:21,,,
NCCM_30842,18-07-2014 19:13,NORMAL,IN PROGRESS,BTNCCM,5,kkhandek,Provisioning-Network,NCCM_BM_Tx_ConfigureTxServiceInPEWindow,,,18-07-2014 19:23,,,
NCCM_31739,13-08-2014 21:15,NORMAL,IN PROGRESS,BTNCCM,5,sadvitot,Provisioning-Network,NCCM_BM_Tx_ConfigureTxServiceInPEWindow,,,13-08-2014 21:21,,,
NCCM_31887,20-08-2014 12:24,NORMAL,IN PROGRESS,BTNCCM,5,sadvitot,Provisioning-Network,NCCM_BM_Tx_ConfigureTxServiceInPEWindow,,,20-08-2014 12:33,,,
NCCM_32232,02-09-2014 11:34,NORMAL,IN PROGRESS,BTNCCM,5,omprakash.kore,Provisioning-Network,NCCM_BM_Tx_ConfigureTxServiceInPEWindow,,,02-09-2014 11:36,,,
NCCM_32310,06-09-2014 16:47,NORMAL,IN PROGRESS,BTNCCM,5,omprakash.kore,Provisioning-Network,NCCM_BM_Tx_ConfigureTxServiceInPEWindow,,,06-09-2014 16:51,,,
NCCM_32878,29-09-2014 20:12,NORMAL,IN PROGRESS,BTNCCM,5,omprakash.kore,Provisioning-Network,NCCM_BM_Tx_ConfigureTxServiceInPEWindow,,,29-09-2014 20:21,,,
NCCM_33008,06-10-2014 13:46,NORMAL,IN PROGRESS,BTNCCM,5,omprakash.kore,Provisioning-Network,NCCM_BM_Tx_ConfigureTxServiceInPEWindow,,,06-10-2014 13:57,,,
NCCM_33099,08-10-2014 19:32,NORMAL,IN PROGRESS,BTNCCM,5,omprakash.kore,Provisioning-Network,NCCM_BM_Tx_ConfigureTxServiceInPEWindow,,,08-10-2014 19:52,,,
NCCM_33152,10-10-2014 15:07,NORMAL,IN PROGRESS,BTNCCM,5,omprakash.kore,Provisioning-Network,NCCM_BM_Tx_ConfigureTxServiceInPEWindow,,,10-10-2014 15:16,,,
NCCM_33163,10-10-2014 18:44,NORMAL,IN PROGRESS,BTNCCM,5,omprakash.kore,Provisioning-Network,NCCM_BM_Tx_ConfigureTxServiceInPEWindow,,,10-10-2014 18:50,,,
NCCM_33166,10-10-2014 20:16,NORMAL,IN PROGRESS,BTNCCM,5,hemant.pawar,Provisioning-Network,NCCM_BM_Tx_ConfigureTxServiceInPEWindow,,,11-10-2014 00:00,,,
NCCM_33184,11-10-2014 11:12,NORMAL,IN PROGRESS,BTNCCM,5,omprakash.kore,Provisioning-Network,NCCM_BM_Tx_ConfigureTxServiceInPEWindow,,,11-10-2014 11:18,,,
NCCM_33561,21-10-2014 17:59,NORMAL,IN PROGRESS,BTNCCM,5,omprakash.kore,Provisioning-Network,NCCM_BM_Tx_ConfigureTxServiceInPEWindow,,,21-10-2014 18:13,,,
NCCM_33583,22-10-2014 19:27,NORMAL,IN PROGRESS,BTNCCM,5,omprakash.kore,Provisioning-Network,NCCM_BM_Tx_ConfigureTxServiceInPEWindow,,,22-10-2014 19:32,,,
NCCM_33764,29-10-2014 19:12,NORMAL,IN PROGRESS,BTNCCM,5,aganpule,Provisioning-Network,NCCM_BM_Tx_ConfigureTxServiceInPEWindow,,,29-10-2014 19:16,,,
NCCM_33893,03-11-2014 10:32,NORMAL,IN PROGRESS,BTNCCM,5,omprakash.kore,Provisioning-Network,NCCM_BM_Tx_ConfigureTxServiceInPEWindow,,,03-11-2014 10:41,,,
NCCM_34083,06-11-2014 11:20,NORMAL,IN PROGRESS,BTNCCM,5,omprakash.kore,Provisioning-Network,NCCM_BM_Tx_ConfigureTxServiceInPEWindow,,,06-11-2014 11:23,,,
NCCM_34096,06-11-2014 12:28,NORMAL,IN PROGRESS,BTNCCM,5,sadvitot,Provisioning-Network,NCCM_BM_Tx_ConfigureTxServiceInPEWindow,,,06-11-2014 12:33,,,
NCCM_34098,06-11-2014 12:37,NORMAL,IN PROGRESS,BTNCCM,5,omprakash.kore,Provisioning-Network,NCCM_BM_Tx_ConfigureTxServiceInPEWindow,,,06-11-2014 12:40,,,
NCCM_34175,06-11-2014 19:05,NORMAL,IN PROGRESS,BTNCCM,5,santpati,Provisioning-Network,NCCM_BM_Tx_ConfigureTxServiceInPEWindow,,,06-11-2014 19:11,,,
NCCM_34524,13-11-2014 20:39,NORMAL,IN PROGRESS,BTNCCM,5,santpati,Provisioning-Network,NCCM_BM_Tx_ConfigureTxServiceInPEWindow,,,13-11-2014 20:46,,,
NCCM_34518,13-11-2014 18:08,NORMAL,IN PROGRESS,BTNCCM,5,santpati,Provisioning-Network,NCCM_BM_Tx_ConfigureTxServiceInPEWindow,,,14-11-2014 00:00,,,
NCCM_34585,14-11-2014 16:23,NORMAL,IN PROGRESS,BTNCCM,5,SGKothar,Provisioning-Network,NCCM_BM_Tx_ConfigureTxServiceInPEWindow,,,14-11-2014 16:36,,,
NCCM_34648,17-11-2014 11:20,NORMAL,IN PROGRESS,BTNCCM,5,sadvitot,Provisioning-Network,NCCM_BM_Tx_ConfigureTxServiceInPEWindow,,,17-11-2014 11:22,,,
NCCM_34694,18-11-2014 16:21,NORMAL,IN PROGRESS,BTNCCM,5,omprakash.kore,Provisioning-Network,NCCM_BM_Tx_ConfigureTxServiceInPEWindow,,,18-11-2014 16:26,,,
NCCM_34744,19-11-2014 17:19,NORMAL,IN PROGRESS,BTNCCM,5,omprakash.kore,Provisioning-Network,NCCM_BM_Tx_ConfigureTxServiceInPEWindow,,,19-11-2014 17:21,,,
NCCM_34796,20-11-2014 18:04,NORMAL,IN PROGRESS,BTNCCM,5,SGKothar,Provisioning-Network,NCCM_BM_Tx_ConfigureTxServiceInPEWindow,,,20-11-2014 18:07,,,
NCCM_34899,24-11-2014 20:44,NORMAL,IN PROGRESS,BTNCCM,5,prashant.vast,Provisioning-Network,NCCM_BM_Tx_ConfigureTxServiceInPEWindow,,,25-11-2014 00:00,,,
NCCM_34950,26-11-2014 17:33,NORMAL,IN PROGRESS,BTNCCM,5,omprakash.kore,Provisioning-Network,NCCM_BM_Tx_ConfigureTxServiceInPEWindow,,,26-11-2014 17:42,,,
NCCM_35284,06-12-2014 12:06,NORMAL,IN PROGRESS,BTNCCM,5,PoGawali,Provisioning-Network,NCCM_BM_Tx_ConfigureTxServiceInPEWindow,,,06-12-2014 12:08,,,
NCCM_35294,06-12-2014 19:26,NORMAL,IN PROGRESS,BTNCCM,5,DeviVish,Provisioning-Network,NCCM_BM_Tx_ConfigureTxServiceInPEWindow,,,06-12-2014 19:30,,,
NCCM_35409,10-12-2014 15:38,NORMAL,IN PROGRESS,BTNCCM,5,omprakash.kore,Provisioning-Network,NCCM_BM_Tx_ConfigureTxServiceInPEWindow,,,10-12-2014 15:41,,,
NCCM_35432,10-12-2014 18:40,NORMAL,IN PROGRESS,BTNCCM,5,nikhil.aru,Provisioning-Network,NCCM_BM_Tx_ConfigureTxServiceInPEWindow,,,10-12-2014 18:44,,,
NCCM_35470,11-12-2014 19:20,NORMAL,IN PROGRESS,BTNCCM,5,santpati,Provisioning-Network,NCCM_BM_Tx_ConfigureTxServiceInPEWindow,,,11-12-2014 19:30,,,
NCCM_35506,12-12-2014 11:44,NORMAL,IN PROGRESS,BTNCCM,5,hemant.pawar,Provisioning-Network,NCCM_BM_Tx_ConfigureTxServiceInPEWindow,,,13-12-2014 00:00,,,
NCCM_35408,10-12-2014 15:34,NORMAL,IN PROGRESS,BTNCCM,5,omprakash.kore,Provisioning-Network,NCCM_BM_Tx_ConfigureTxServiceInPEWindow,,,13-12-2014 00:00,,,
NCCM_35592,15-12-2014 16:58,NORMAL,IN PROGRESS,BTNCCM,5,DeviVish,Provisioning-Network,NCCM_BM_Tx_ConfigureTxServiceInPEWindow,,,15-12-2014 17:00,,,
NCCM_35594,15-12-2014 17:38,NORMAL,IN PROGRESS,BTNCCM,5,DeviVish,Provisioning-Network,NCCM_BM_Tx_ConfigureTxServiceInPEWindow,,,15-12-2014 17:46,,,
NCCM_35526,12-12-2014 19:03,NORMAL,IN PROGRESS,BTNCCM,5,singh.amit,PMG,NCCM_BM_Tx_ConfigureTxServiceInPEWindow,,,16-12-2014 16:14,,,
NCCM_35726,18-12-2014 16:54,NORMAL,IN PROGRESS,BTNCCM,5,DeviVish,Provisioning-Network,NCCM_BM_Tx_ConfigureTxServiceInPEWindow,,,18-12-2014 16:59,,,
NCCM_35774,19-12-2014 13:17,NORMAL,IN PROGRESS,BTNCCM,5,DeviVish,Provisioning-Network,NCCM_BM_Tx_ConfigureTxServiceInPEWindow,,,19-12-2014 13:20,,,
NCCM_35878,20-12-2014 16:21,NORMAL,IN PROGRESS,BTNCCM,5,PoGawali,Provisioning-Network,NCCM_BM_Tx_ConfigureTxServiceInPEWindow,,,20-12-2014 16:24,,,
NCCM_35968,23-12-2014 18:51,NORMAL,IN PROGRESS,BTNCCM,5,santpati,Provisioning-Network,NCCM_BM_Tx_ConfigureTxServiceInPEWindow,,,23-12-2014 18:57,,,
NCCM_36065,27-12-2014 18:16,NORMAL,IN PROGRESS,BTNCCM,5,santpati,Provisioning-Network,NCCM_BM_Tx_ConfigureTxServiceInPEWindow,,,27-12-2014 18:21,,,
NCCM_36270,31-12-2014 16:25,NORMAL,IN PROGRESS,BTNCCM,5,nikhil.aru,Provisioning-Network,NCCM_BM_Tx_ConfigureTxServiceInPEWindow,,,31-12-2014 18:11,,,
NCCM_36303,02-01-2015 20:08,NORMAL,IN PROGRESS,BTNCCM,5,DeviVish,Provisioning-Network,NCCM_BM_Tx_ConfigureTxServiceInPEWindow,,,02-01-2015 20:13,,,
NCCM_36373,06-01-2015 17:03,NORMAL,IN PROGRESS,BTNCCM,5,omprakash.kore,Provisioning-Network,NCCM_BM_Tx_ConfigureTxServiceInPEWindow,,,06-01-2015 17:07,,,
NCCM_36374,06-01-2015 17:11,NORMAL,IN PROGRESS,BTNCCM,5,SupriKat,Provisioning-Network,NCCM_BM_Tx_ConfigureTxServiceInPEWindow,,,06-01-2015 17:15,,,
NCCM_36447,08-01-2015 18:26,NORMAL,IN PROGRESS,BTNCCM,5,omprakash.kore,Provisioning-Network,NCCM_BM_Tx_ConfigureTxServiceInPEWindow,,,08-01-2015 18:39,,,
NCCM_36488,09-01-2015 15:55,NORMAL,IN PROGRESS,BTNCCM,5,ISInamda,Provisioning-Network,NCCM_BM_Tx_ConfigureTxServiceInPEWindow,,,09-01-2015 16:12,,,
NCCM_36498,09-01-2015 18:53,NORMAL,IN PROGRESS,BTNCCM,5,omprakash.kore,Provisioning-Network,NCCM_BM_Tx_ConfigureTxServiceInPEWindow,,,09-01-2015 19:01,,,
NCCM_36507,10-01-2015 12:21,NORMAL,IN PROGRESS,BTNCCM,5,SupriKat,Provisioning-Network,NCCM_BM_Tx_ConfigureTxServiceInPEWindow,,,10-01-2015 12:22,,,
NCCM_36551,12-01-2015 15:49,NORMAL,IN PROGRESS,BTNCCM,5,ISInamda,Provisioning-Network,NCCM_BM_Tx_ConfigureTxServiceInPEWindow,,,12-01-2015 15:52,,,
NCCM_36579,13-01-2015 17:40,NORMAL,IN PROGRESS,BTNCCM,5,santpati,Provisioning-Network,NCCM_BM_Tx_ConfigureTxServiceInPEWindow,,,13-01-2015 18:16,,,
NCCM_36583,13-01-2015 19:33,NORMAL,IN PROGRESS,BTNCCM,5,ISInamda,Provisioning-Network,NCCM_BM_Tx_ConfigureTxServiceInPEWindow,,,13-01-2015 19:35,,,
NCCM_36594,14-01-2015 14:57,NORMAL,IN PROGRESS,BTNCCM,5,ISInamda,Provisioning-Network,NCCM_BM_Tx_ConfigureTxServiceInPEWindow,,,14-01-2015 14:59,,,
NCCM_36601,14-01-2015 16:26,NORMAL,IN PROGRESS,BTNCCM,5,DeviVish,Provisioning-Network,NCCM_BM_Tx_ConfigureTxServiceInPEWindow,,,14-01-2015 16:31,,,
NCCM_36626,14-01-2015 19:25,NORMAL,IN PROGRESS,BTNCCM,5,DeviVish,Provisioning-Network,NCCM_BM_Tx_ConfigureTxServiceInPEWindow,,,14-01-2015 19:27,,,
NCCM_36640,15-01-2015 13:34,NORMAL,IN PROGRESS,BTNCCM,5,santpati,Provisioning-Network,NCCM_BM_Tx_ConfigureTxServiceInPEWindow,,,15-01-2015 14:00,,,
NCCM_36648,15-01-2015 15:34,NORMAL,IN PROGRESS,BTNCCM,5,omprakash.kore,Provisioning-Network,NCCM_BM_Tx_ConfigureTxServiceInPEWindow,,,15-01-2015 15:43,,,
NCCM_36649,15-01-2015 16:39,NORMAL,IN PROGRESS,BTNCCM,5,omprakash.kore,Provisioning-Network,NCCM_BM_Tx_ConfigureTxServiceInPEWindow,,,15-01-2015 16:43,,,
NCCM_36603,14-01-2015 16:38,NORMAL,IN PROGRESS,BTNCCM,5,VHole,Provisioning-Network,NCCM_BM_Tx_ConfigureTxServiceInPEWindow,,,15-01-2015 18:13,,,
NCCM_36678,16-01-2015 19:46,NORMAL,IN PROGRESS,BTNCCM,5,DeviVish,Provisioning-Network,NCCM_BM_Tx_ConfigureTxServiceInPEWindow,,,16-01-2015 19:55,,,
NCCM_36803,21-01-2015 13:19,NORMAL,IN PROGRESS,BTNCCM,5,ISInamda,Provisioning-Network,NCCM_BM_Tx_ConfigureTxServiceInPEWindow,,,21-01-2015 13:21,,,
NCCM_36910,23-01-2015 16:01,NORMAL,IN PROGRESS,BTNCCM,5,sadvitot,Provisioning-Network,NCCM_BM_Tx_ConfigureTxServiceInPEWindow,,,23-01-2015 16:03,,,
NCCM_36917,23-01-2015 19:29,NORMAL,IN PROGRESS,BTNCCM,5,sadvitot,Provisioning-Network,NCCM_BM_Tx_ConfigureTxServiceInPEWindow,,,23-01-2015 19:32,,,
NCCM_36962,26-01-2015 11:09,NORMAL,IN PROGRESS,BTNCCM,5,SupriKat,Provisioning-Network,NCCM_BM_Tx_ConfigureTxServiceInPEWindow,,,26-01-2015 11:11,,,
NCCM_37058,28-01-2015 17:57,NORMAL,IN PROGRESS,BTNCCM,5,ISInamda,Provisioning-Network,NCCM_BM_Tx_ConfigureTxServiceInPEWindow,,,28-01-2015 17:59,,,
NCCM_37108,30-01-2015 16:04,NORMAL,IN PROGRESS,BTNCCM,5,ISInamda,Provisioning-Network,NCCM_BM_Tx_ConfigureTxServiceInPEWindow,,,30-01-2015 16:07,,,
NCCM_37110,30-01-2015 16:08,NORMAL,IN PROGRESS,BTNCCM,5,ISInamda,Provisioning-Network,NCCM_BM_Tx_ConfigureTxServiceInPEWindow,,,30-01-2015 16:12,,,
NCCM_37138,01-02-2015 00:26,NORMAL,IN PROGRESS,BTNCCM,5,omprakash.kore,Provisioning-Network,NCCM_BM_Tx_ConfigureTxServiceInPEWindow,,,01-02-2015 00:31,,,
NCCM_37257,03-02-2015 18:56,NORMAL,IN PROGRESS,BTNCCM,5,JKathare,Provisioning-Network,NCCM_BM_Tx_ConfigureTxServiceInPEWindow,,,03-02-2015 19:08,,,
NCCM_37295,04-02-2015 18:34,NORMAL,IN PROGRESS,BTNCCM,5,sadvitot,Provisioning-Network,NCCM_BM_Tx_ConfigureTxServiceInPEWindow,,,04-02-2015 18:37,,,
NCCM_37305,04-02-2015 20:00,NORMAL,IN PROGRESS,BTNCCM,5,SupriKat,Provisioning-Network,NCCM_BM_Tx_ConfigureTxServiceInPEWindow,,,04-02-2015 20:02,,,
NCCM_37326,05-02-2015 11:06,NORMAL,IN PROGRESS,BTNCCM,5,sadvitot,Provisioning-Network,NCCM_BM_Tx_ConfigureTxServiceInPEWindow,,,05-02-2015 11:10,,,
NCCM_37402,06-02-2015 20:56,NORMAL,IN PROGRESS,BTNCCM,5,AFating,Provisioning-Network,NCCM_BM_Tx_ConfigureTxServiceInPEWindow,,,06-02-2015 21:01,,,
NCCM_37417,07-02-2015 16:24,NORMAL,IN PROGRESS,BTNCCM,5,ISInamda,Provisioning-Network,NCCM_BM_Tx_ConfigureTxServiceInPEWindow,,,07-02-2015 16:27,,,
NCCM_37515,09-02-2015 18:29,NORMAL,IN PROGRESS,BTNCCM,5,AFating,Provisioning-Network,NCCM_BM_Tx_ConfigureTxServiceInPEWindow,,,09-02-2015 18:45,,,
NCCM_37572,10-02-2015 20:04,NORMAL,IN PROGRESS,BTNCCM,5,omprakash.kore,Provisioning-Network,NCCM_BM_Tx_ConfigureTxServiceInPEWindow,,,10-02-2015 20:15,,,
NCCM_37732,13-02-2015 17:49,NORMAL,IN PROGRESS,BTNCCM,5,sadvitot,Provisioning-Network,NCCM_BM_Tx_ConfigureTxServiceInPEWindow,,,13-02-2015 17:52,,,
NCCM_37744,13-02-2015 19:46,NORMAL,IN PROGRESS,BTNCCM,5,JKathare,Provisioning-Network,NCCM_BM_Tx_ConfigureTxServiceInPEWindow,,,13-02-2015 19:50,,,
NCCM_37838,17-02-2015 12:52,NORMAL,IN PROGRESS,BTNCCM,5,ISInamda,Provisioning-Network,NCCM_BM_Tx_ConfigureTxServiceInPEWindow,,,17-02-2015 12:55,,,
NCCM_37839,17-02-2015 12:55,NORMAL,IN PROGRESS,BTNCCM,5,ISInamda,Provisioning-Network,NCCM_BM_Tx_ConfigureTxServiceInPEWindow,,,17-02-2015 12:59,,,
NCCM_37859,17-02-2015 19:30,NORMAL,IN PROGRESS,BTNCCM,5,AFating,Provisioning-Network,NCCM_BM_Tx_ConfigureTxServiceInPEWindow,,,17-02-2015 19:35,,,
NCCM_37862,17-02-2015 20:25,NORMAL,IN PROGRESS,BTNCCM,5,AFating,Provisioning-Network,NCCM_BM_Tx_ConfigureTxServiceInPEWindow,,,17-02-2015 20:33,,,
NCCM_37878,18-02-2015 13:16,NORMAL,IN PROGRESS,BTNCCM,5,SupriKat,Provisioning-Network,NCCM_BM_Tx_ConfigureTxServiceInPEWindow,,,18-02-2015 13:18,,,
NCCM_37887,18-02-2015 15:26,NORMAL,IN PROGRESS,BTNCCM,5,SupriKat,Provisioning-Network,NCCM_BM_Tx_ConfigureTxServiceInPEWindow,,,18-02-2015 15:28,,,
NCCM_37892,18-02-2015 16:28,NORMAL,IN PROGRESS,BTNCCM,5,AFating,Provisioning-Network,NCCM_BM_Tx_ConfigureTxServiceInPEWindow,,,18-02-2015 16:33,,,
NCCM_37895,18-02-2015 17:14,NORMAL,IN PROGRESS,BTNCCM,5,ISInamda,Provisioning-Network,NCCM_BM_Tx_ConfigureTxServiceInPEWindow,,,18-02-2015 17:17,,,
NCCM_37896,18-02-2015 18:04,NORMAL,IN PROGRESS,BTNCCM,5,omprakash.kore,Provisioning-Network,NCCM_BM_Tx_ConfigureTxServiceInPEWindow,,,18-02-2015 18:08,,,
NCCM_37897,18-02-2015 18:35,NORMAL,IN PROGRESS,BTNCCM,5,VHole,Provisioning-Network,NCCM_BM_Tx_ConfigureTxServiceInPEWindow,,,18-02-2015 18:41,,,
NCCM_37904,18-02-2015 20:01,NORMAL,IN PROGRESS,BTNCCM,5,JKathare,Provisioning-Network,NCCM_BM_Tx_ConfigureTxServiceInPEWindow,,,18-02-2015 20:16,,,
NCCM_37905,18-02-2015 20:53,NORMAL,IN PROGRESS,BTNCCM,5,AFating,Provisioning-Network,NCCM_BM_Tx_ConfigureTxServiceInPEWindow,,,18-02-2015 21:00,,,
NCCM_37927,19-02-2015 15:23,NORMAL,IN PROGRESS,BTNCCM,5,AFating,Provisioning-Network,NCCM_BM_Tx_ConfigureTxServiceInPEWindow,,,19-02-2015 15:29,,,
NCCM_37955,19-02-2015 20:15,NORMAL,IN PROGRESS,BTNCCM,5,SupriKat,Provisioning-Network,NCCM_BM_Tx_ConfigureTxServiceInPEWindow,,,19-02-2015 20:18,,,
NCCM_37963,20-02-2015 16:14,NORMAL,IN PROGRESS,BTNCCM,5,JKathare,Provisioning-Network,NCCM_BM_Tx_ConfigureTxServiceInPEWindow,,,20-02-2015 16:18,,,
NCCM_37976,20-02-2015 18:37,NORMAL,IN PROGRESS,BTNCCM,5,ISInamda,Provisioning-Network,NCCM_BM_Tx_ConfigureTxServiceInPEWindow,,,20-02-2015 18:40,,,
NCCM_38028,22-02-2015 18:53,NORMAL,IN PROGRESS,BTNCCM,5,AFating,Provisioning-Network,NCCM_BM_Tx_ConfigureTxServiceInPEWindow,,,22-02-2015 18:58,,,
NCCM_38074,23-02-2015 20:18,NORMAL,IN PROGRESS,BTNCCM,5,AFating,Provisioning-Network,NCCM_BM_Tx_ConfigureTxServiceInPEWindow,,,23-02-2015 20:26,,,
NCCM_38104,24-02-2015 15:51,NORMAL,IN PROGRESS,BTNCCM,5,AFating,Provisioning-Network,NCCM_BM_Tx_ConfigureTxServiceInPEWindow,,,24-02-2015 15:56,,,
NCCM_38110,24-02-2015 16:57,NORMAL,IN PROGRESS,BTNCCM,5,SupriKat,Provisioning-Network,NCCM_BM_Tx_ConfigureTxServiceInPEWindow,,,24-02-2015 17:00,,,
NCCM_38165,25-02-2015 17:48,NORMAL,IN PROGRESS,BTNCCM,5,JKathare,Provisioning-Network,NCCM_BM_Tx_ConfigureTxServiceInPEWindow,,,25-02-2015 18:18,,,
NCCM_38174,26-02-2015 11:19,NORMAL,IN PROGRESS,BTNCCM,5,ISInamda,Provisioning-Network,NCCM_BM_Tx_ConfigureTxServiceInPEWindow,,,26-02-2015 11:24,,,
NCCM_38201,27-02-2015 13:58,NORMAL,IN PROGRESS,BTNCCM,5,AFating,Provisioning-Network,NCCM_BM_Tx_ConfigureTxServiceInPEWindow,,,27-02-2015 14:57,,,
NCCM_38208,27-02-2015 16:39,NORMAL,IN PROGRESS,BTNCCM,5,omprakash.kore,Provisioning-Network,NCCM_BM_Tx_ConfigureTxServiceInPEWindow,,,27-02-2015 16:57,,,
NCCM_38301,02-03-2015 15:11,NORMAL,IN PROGRESS,BTNCCM,5,omprakash.kore,Provisioning-Network,NCCM_BM_Tx_ConfigureTxServiceInPEWindow,,,02-03-2015 15:15,,,
NCCM_38331,03-03-2015 10:18,NORMAL,IN PROGRESS,BTNCCM,5,santpati,Provisioning-Network,NCCM_BM_Tx_ConfigureTxServiceInPEWindow,,,03-03-2015 10:23,,,
NCCM_38361,03-03-2015 16:37,NORMAL,IN PROGRESS,BTNCCM,5,ramkumar.v,Provisioning-Network,NCCM_BM_Tx_ConfigureTxServiceInPEWindow,,,03-03-2015 17:02,,,
NCCM_38391,03-03-2015 21:10,NORMAL,IN PROGRESS,BTNCCM,5,AFating,Provisioning-Network,NCCM_BM_Tx_ConfigureTxServiceInPEWindow,,,03-03-2015 21:26,,,
NCCM_38426,04-03-2015 13:00,NORMAL,IN PROGRESS,BTNCCM,5,AFating,Provisioning-Network,NCCM_BM_Tx_ConfigureTxServiceInPEWindow,,,04-03-2015 13:05,,,
NCCM_38432,04-03-2015 19:57,NORMAL,IN PROGRESS,BTNCCM,5,AFating,Provisioning-Network,NCCM_BM_Tx_ConfigureTxServiceInPEWindow,,,04-03-2015 20:06,,,
NCCM_38437,05-03-2015 10:35,NORMAL,IN PROGRESS,BTNCCM,5,singh.amit,PMG,NCCM_BM_Tx_ConfigureTxServiceInPEWindow,,,05-03-2015 11:42,,,
NCCM_38441,05-03-2015 11:40,NORMAL,IN PROGRESS,BTNCCM,5,VHole,Provisioning-Network,NCCM_BM_Tx_ConfigureTxServiceInPEWindow,,,05-03-2015 11:45,,,
NCCM_38499,05-03-2015 18:08,NORMAL,IN PROGRESS,BTNCCM,5,JKathare,Provisioning-Network,NCCM_BM_Tx_ConfigureTxServiceInPEWindow,,,05-03-2015 18:13,,,
NCCM_38349,03-03-2015 12:21,NORMAL,IN PROGRESS,BTNCCM,5,VHole,Provisioning-Network,NCCM_BM_Tx_ConfigureTxServiceInPEWindow,,,06-03-2015 00:00,,,
NCCM_38518,07-03-2015 13:05,NORMAL,IN PROGRESS,BTNCCM,5,santpati,Provisioning-Network,NCCM_BM_Tx_ConfigureTxServiceInPEWindow,,,07-03-2015 13:11,,,
NCCM_29607,12-06-2014 21:53,NORMAL,IN PROGRESS,BTNCCM,5,santpati,Provisioning-Network,NCCM_BM_Tx_ConfigureTxServiceInPEWindow,,,07-03-2015 16:52,,,
NCCM_35969,23-12-2014 18:58,NORMAL,IN PROGRESS,BTNCCM,5,santpati,Provisioning-Network,NCCM_BM_Tx_ConfigureTxServiceInPEWindow,,,07-03-2015 17:48,,,
NCCM_38522,08-03-2015 16:03,NORMAL,IN PROGRESS,BTNCCM,5,AFating,Provisioning-Network,NCCM_BM_Tx_ConfigureTxServiceInPEWindow,,,08-03-2015 16:07,,,
NCCM_38622,10-03-2015 18:06,NORMAL,IN PROGRESS,BTNCCM,5,AFating,Provisioning-Network,NCCM_BM_Tx_ConfigureTxServiceInPEWindow,,,10-03-2015 18:10,,,
NCCM_38638,11-03-2015 16:06,NORMAL,IN PROGRESS,BTNCCM,5,AFating,Provisioning-Network,NCCM_BM_Tx_ConfigureTxServiceInPEWindow,,,11-03-2015 16:10,,,
NCCM_38695,12-03-2015 15:29,NORMAL,IN PROGRESS,BTNCCM,5,AFating,Provisioning-Network,NCCM_BM_Tx_ConfigureTxServiceInPEWindow,,,12-03-2015 15:33,,,
NCCM_38696,12-03-2015 15:31,NORMAL,IN PROGRESS,BTNCCM,5,AFating,Provisioning-Network,NCCM_BM_Tx_ConfigureTxServiceInPEWindow,,,12-03-2015 15:50,,,
NCCM_38722,13-03-2015 16:51,NORMAL,IN PROGRESS,BTNCCM,5,SupriKat,Provisioning-Network,NCCM_BM_Tx_ConfigureTxServiceInPEWindow,,,13-03-2015 16:54,,,
NCCM_38775,16-03-2015 19:23,NORMAL,IN PROGRESS,BTNCCM,5,hemant.pawar,Provisioning-Network,NCCM_BM_Tx_ConfigureTxServiceInPEWindow,,,16-03-2015 19:36,,,
NCCM_38793,17-03-2015 19:03,NORMAL,IN PROGRESS,BTNCCM,5,AFating,Provisioning-Network,NCCM_BM_Tx_ConfigureTxServiceInPEWindow,,,17-03-2015 19:11,,,
NCCM_38826,18-03-2015 15:39,NORMAL,IN PROGRESS,BTNCCM,5,sadvitot,Provisioning-Network,NCCM_BM_Tx_ConfigureTxServiceInPEWindow,,,18-03-2015 19:06,,,
NCCM_38911,19-03-2015 18:12,NORMAL,IN PROGRESS,BTNCCM,5,SupriKat,Provisioning-Network,NCCM_BM_Tx_ConfigureTxServiceInPEWindow,,,19-03-2015 18:15,,,
NCCM_38912,19-03-2015 22:39,NORMAL,IN PROGRESS,BTNCCM,5,AFating,Provisioning-Network,NCCM_BM_Tx_ConfigureTxServiceInPEWindow,,,19-03-2015 22:42,,,
NCCM_38978,20-03-2015 19:24,NORMAL,IN PROGRESS,BTNCCM,5,SupriKat,Provisioning-Network,NCCM_BM_Tx_ConfigureTxServiceInPEWindow,,,20-03-2015 19:27,,,
NCCM_38985,22-03-2015 16:21,NORMAL,IN PROGRESS,BTNCCM,5,sadvitot,Provisioning-Network,NCCM_BM_Tx_ConfigureTxServiceInPEWindow,,,22-03-2015 16:28,,,
NCCM_39014,23-03-2015 15:31,NORMAL,IN PROGRESS,BTNCCM,5,AFating,Provisioning-Network,NCCM_BM_Tx_ConfigureTxServiceInPEWindow,,,23-03-2015 15:35,,,
NCCM_39028,23-03-2015 18:57,NORMAL,IN PROGRESS,BTNCCM,5,SupriKat,Provisioning-Network,NCCM_BM_Tx_ConfigureTxServiceInPEWindow,,,23-03-2015 18:59,,,
NCCM_39027,23-03-2015 18:43,NORMAL,IN PROGRESS,BTNCCM,5,omprakash.kore,Provisioning-Network,NCCM_BM_Tx_ConfigureTxServiceInPEWindow,,,23-03-2015 19:03,,,
NCCM_39036,24-03-2015 11:15,NORMAL,IN PROGRESS,BTNCCM,5,ISInamda,Provisioning-Network,NCCM_BM_Tx_ConfigureTxServiceInPEWindow,,,24-03-2015 11:18,,,
NCCM_39038,24-03-2015 12:05,NORMAL,IN PROGRESS,BTNCCM,5,omprakash.kore,Provisioning-Network,NCCM_BM_Tx_ConfigureTxServiceInPEWindow,,,24-03-2015 12:09,,,
NCCM_39051,24-03-2015 15:10,NORMAL,IN PROGRESS,BTNCCM,5,SupriKat,Provisioning-Network,NCCM_BM_Tx_ConfigureTxServiceInPEWindow,,,24-03-2015 15:12,,,
NCCM_39058,24-03-2015 19:18,NORMAL,IN PROGRESS,BTNCCM,5,ramkumar.v,Provisioning-Network,NCCM_BM_Tx_ConfigureTxServiceInPEWindow,,,24-03-2015 19:23,,,
NCCM_39061,25-03-2015 10:52,NORMAL,IN PROGRESS,BTNCCM,5,AFating,Provisioning-Network,NCCM_BM_Tx_ConfigureTxServiceInPEWindow,,,25-03-2015 10:57,,,
NCCM_39109,26-03-2015 17:34,NORMAL,IN PROGRESS,BTNCCM,5,AFating,Provisioning-Network,NCCM_BM_Tx_ConfigureTxServiceInPEWindow,,,26-03-2015 17:37,,,
NCCM_39114,26-03-2015 18:55,NORMAL,IN PROGRESS,BTNCCM,5,JKathare,Provisioning-Network,NCCM_BM_Tx_ConfigureTxServiceInPEWindow,,,26-03-2015 18:59,,,
NCCM_39115,26-03-2015 18:57,NORMAL,IN PROGRESS,BTNCCM,5,ISInamda,Provisioning-Network,NCCM_BM_Tx_ConfigureTxServiceInPEWindow,,,26-03-2015 19:02,,,
NCCM_39174,27-03-2015 20:03,NORMAL,IN PROGRESS,BTNCCM,5,omprakash.kore,Provisioning-Network,NCCM_BM_Tx_ConfigureTxServiceInPEWindow,,,27-03-2015 20:10,,,
NCCM_39177,28-03-2015 11:37,NORMAL,IN PROGRESS,BTNCCM,5,JKathare,Provisioning-Network,NCCM_BM_Tx_ConfigureTxServiceInPEWindow,,,28-03-2015 11:41,,,
NCCM_39182,28-03-2015 16:52,NORMAL,IN PROGRESS,BTNCCM,5,ISInamda,Provisioning-Network,NCCM_BM_Tx_ConfigureTxServiceInPEWindow,,,28-03-2015 16:59,,,
NCCM_39199,29-03-2015 13:01,NORMAL,IN PROGRESS,BTNCCM,5,ISInamda,Provisioning-Network,NCCM_BM_Tx_ConfigureTxServiceInPEWindow,,,29-03-2015 13:03,,,
NCCM_39226,30-03-2015 10:38,NORMAL,IN PROGRESS,BTNCCM,5,AFating,Provisioning-Network,NCCM_BM_Tx_ConfigureTxServiceInPEWindow,,,30-03-2015 10:44,,,
NCCM_39237,30-03-2015 16:25,NORMAL,IN PROGRESS,BTNCCM,5,sadvitot,Provisioning-Network,NCCM_BM_Tx_ConfigureTxServiceInPEWindow,,,30-03-2015 16:28,,,
NCCM_39246,31-03-2015 11:25,NORMAL,IN PROGRESS,BTNCCM,5,ISInamda,Provisioning-Network,NCCM_BM_Tx_ConfigureTxServiceInPEWindow,,,31-03-2015 11:27,,,
NCCM_39284,02-04-2015 10:16,NORMAL,IN PROGRESS,BTNCCM,5,SupriKat,Provisioning-Network,NCCM_BM_Tx_ConfigureTxServiceInPEWindow,,,02-04-2015 10:21,,,
NCCM_39288,02-04-2015 13:30,NORMAL,IN PROGRESS,BTNCCM,5,VHole,Provisioning-Network,NCCM_BM_Tx_ConfigureTxServiceInPEWindow,,,02-04-2015 13:34,,,
NCCM_39308,02-04-2015 19:00,NORMAL,IN PROGRESS,BTNCCM,5,SupriKat,Provisioning-Network,NCCM_BM_Tx_ConfigureTxServiceInPEWindow,,,02-04-2015 19:03,,,
NCCM_39309,02-04-2015 19:05,NORMAL,IN PROGRESS,BTNCCM,5,SupriKat,Provisioning-Network,NCCM_BM_Tx_ConfigureTxServiceInPEWindow,,,02-04-2015 19:08,,,
NCCM_39312,03-04-2015 12:39,NORMAL,IN PROGRESS,BTNCCM,5,VHole,Provisioning-Network,NCCM_BM_Tx_ConfigureTxServiceInPEWindow,,,03-04-2015 12:41,,,
NCCM_39315,05-04-2015 18:56,NORMAL,IN PROGRESS,BTNCCM,5,AFating,Provisioning-Network,NCCM_BM_Tx_ConfigureTxServiceInPEWindow,,,05-04-2015 19:00,,,
NCCM_39413,08-04-2015 13:47,NORMAL,IN PROGRESS,BTNCCM,5,ISInamda,Provisioning-Network,NCCM_BM_Tx_ConfigureTxServiceInPEWindow,,,08-04-2015 13:53,,,
NCCM_39415,08-04-2015 14:09,NORMAL,IN PROGRESS,BTNCCM,5,ISInamda,Provisioning-Network,NCCM_BM_Tx_ConfigureTxServiceInPEWindow,,,08-04-2015 14:10,,,
NCCM_39425,08-04-2015 18:26,NORMAL,IN PROGRESS,BTNCCM,5,DeviVish,Provisioning-Network,NCCM_BM_Tx_ConfigureTxServiceInPEWindow,,,08-04-2015 18:29,,,
NCCM_39468,09-04-2015 20:19,NORMAL,IN PROGRESS,BTNCCM,5,VHole,Provisioning-Network,NCCM_BM_Tx_ConfigureTxServiceInPEWindow,,,09-04-2015 20:23,,,
NCCM_39480,10-04-2015 13:13,NORMAL,IN PROGRESS,BTNCCM,5,hemant.pawar,Provisioning-Network,NCCM_BM_Tx_ConfigureTxServiceInPEWindow,,,10-04-2015 13:17,,,
NCCM_39493,10-04-2015 19:26,NORMAL,IN PROGRESS,BTNCCM,5,SupriKat,Provisioning-Network,NCCM_BM_Tx_ConfigureTxServiceInPEWindow,,,10-04-2015 19:29,,,
NCCM_39478,10-04-2015 11:38,NORMAL,IN PROGRESS,BTNCCM,5,prashant.vast,Provisioning-Network,NCCM_BM_Tx_ConfigureTxServiceInPEWindow,,,11-04-2015 00:00,,,
NCCM_39495,11-04-2015 18:11,NORMAL,IN PROGRESS,BTNCCM,5,ISInamda,Provisioning-Network,NCCM_BM_Tx_ConfigureTxServiceInPEWindow,,,11-04-2015 18:12,,,
NCCM_39503,12-04-2015 10:42,NORMAL,IN PROGRESS,BTNCCM,5,AFating,Provisioning-Network,NCCM_BM_Tx_ConfigureTxServiceInPEWindow,,,12-04-2015 10:47,,,
NCCM_39506,12-04-2015 13:14,NORMAL,IN PROGRESS,BTNCCM,5,VHole,Provisioning-Network,NCCM_BM_Tx_ConfigureTxServiceInPEWindow,,,12-04-2015 13:20,,,
NCCM_39529,13-04-2015 15:32,NORMAL,IN PROGRESS,BTNCCM,5,ISInamda,Provisioning-Network,NCCM_BM_Tx_ConfigureTxServiceInPEWindow,,,13-04-2015 15:34,,,
NCCM_39560,14-04-2015 15:31,NORMAL,IN PROGRESS,BTNCCM,5,sadvitot,Provisioning-Network,NCCM_BM_Tx_ConfigureTxServiceInPEWindow,,,14-04-2015 15:33,,,
NCCM_39564,14-04-2015 15:54,NORMAL,IN PROGRESS,BTNCCM,5,AFating,Provisioning-Network,NCCM_BM_Tx_ConfigureTxServiceInPEWindow,,,14-04-2015 16:22,,,
NCCM_39595,15-04-2015 15:27,NORMAL,IN PROGRESS,BTNCCM,5,DeviVish,Provisioning-Network,NCCM_BM_Tx_ConfigureTxServiceInPEWindow,,,15-04-2015 15:29,,,
NCCM_39596,15-04-2015 15:41,NORMAL,IN PROGRESS,BTNCCM,5,VHole,Provisioning-Network,NCCM_BM_Tx_ConfigureTxServiceInPEWindow,,,15-04-2015 15:45,,,
NCCM_39623,16-04-2015 12:57,NORMAL,IN PROGRESS,BTNCCM,5,SupriKat,Provisioning-Network,NCCM_BM_Tx_ConfigureTxServiceInPEWindow,,,16-04-2015 12:59,,,
NCCM_39637,16-04-2015 15:53,NORMAL,IN PROGRESS,BTNCCM,5,sadvitot,Provisioning-Network,NCCM_BM_Tx_ConfigureTxServiceInPEWindow,,,16-04-2015 15:55,,,
NCCM_39634,16-04-2015 15:52,NORMAL,IN PROGRESS,BTNCCM,5,omprakash.kore,Provisioning-Network,NCCM_BM_Tx_ConfigureTxServiceInPEWindow,,,16-04-2015 15:56,,,
NCCM_39659,17-04-2015 14:01,NORMAL,IN PROGRESS,BTNCCM,5,DeviVish,Provisioning-Network,NCCM_BM_Tx_ConfigureTxServiceInPEWindow,,,17-04-2015 14:03,,,
NCCM_39666,17-04-2015 16:45,NORMAL,IN PROGRESS,BTNCCM,5,ramkumar.v,Provisioning-Network,NCCM_BM_Tx_ConfigureTxServiceInPEWindow,,,17-04-2015 16:52,,,
NCCM_39726,21-04-2015 17:30,NORMAL,IN PROGRESS,BTNCCM,5,sadvitot,Provisioning-Network,NCCM_BM_Tx_ConfigureTxServiceInPEWindow,,,21-04-2015 17:31,,,
NCCM_39727,21-04-2015 17:41,NORMAL,IN PROGRESS,BTNCCM,5,sadvitot,Provisioning-Network,NCCM_BM_Tx_ConfigureTxServiceInPEWindow,,,21-04-2015 17:42,,,
NCCM_39728,21-04-2015 18:16,NORMAL,IN PROGRESS,BTNCCM,5,JKathare,Provisioning-Network,NCCM_BM_Tx_ConfigureTxServiceInPEWindow,,,21-04-2015 18:24,,,
NCCM_39733,21-04-2015 19:48,NORMAL,IN PROGRESS,BTNCCM,5,sadvitot,Provisioning-Network,NCCM_BM_Tx_ConfigureTxServiceInPEWindow,,,21-04-2015 19:54,,,
NCCM_39801,22-04-2015 18:50,NORMAL,IN PROGRESS,BTNCCM,5,sadvitot,Provisioning-Network,NCCM_BM_Tx_ConfigureTxServiceInPEWindow,,,22-04-2015 18:52,,,
NCCM_39887,23-04-2015 16:43,NORMAL,IN PROGRESS,BTNCCM,5,DeviVish,Provisioning-Network,NCCM_BM_Tx_ConfigureTxServiceInPEWindow,,,23-04-2015 16:47,,,
NCCM_39899,23-04-2015 19:10,NORMAL,IN PROGRESS,BTNCCM,5,VHole,Provisioning-Network,NCCM_BM_Tx_ConfigureTxServiceInPEWindow,,,23-04-2015 19:15,,,
NCCM_39942,24-04-2015 17:16,NORMAL,IN PROGRESS,BTNCCM,5,JKathare,Provisioning-Network,NCCM_BM_Tx_ConfigureTxServiceInPEWindow,,,24-04-2015 17:25,,,
NCCM_39966,25-04-2015 18:32,NORMAL,IN PROGRESS,BTNCCM,5,DeviVish,Provisioning-Network,NCCM_BM_Tx_ConfigureTxServiceInPEWindow,,,25-04-2015 18:35,,,
NCCM_39973,26-04-2015 19:45,NORMAL,IN PROGRESS,BTNCCM,5,VHole,Provisioning-Network,NCCM_BM_Tx_ConfigureTxServiceInPEWindow,,,26-04-2015 19:48,,,
NCCM_40047,28-04-2015 15:19,NORMAL,IN PROGRESS,BTNCCM,5,VHole,Provisioning-Network,NCCM_BM_Tx_ConfigureTxServiceInPEWindow,,,28-04-2015 15:23,,,
NCCM_40052,28-04-2015 17:27,NORMAL,IN PROGRESS,BTNCCM,5,ISInamda,Provisioning-Network,NCCM_BM_Tx_ConfigureTxServiceInPEWindow,,,28-04-2015 17:36,,,
NCCM_40055,28-04-2015 20:04,NORMAL,IN PROGRESS,BTNCCM,5,ISInamda,Provisioning-Network,NCCM_BM_Tx_ConfigureTxServiceInPEWindow,,,28-04-2015 20:05,,,
NCCM_40113,30-04-2015 14:15,NORMAL,IN PROGRESS,BTNCCM,5,ramkumar.v,Provisioning-Network,NCCM_BM_Tx_ConfigureTxServiceInPEWindow,,,30-04-2015 14:23,,,
NCCM_40115,30-04-2015 15:15,NORMAL,IN PROGRESS,BTNCCM,5,ramkumar.v,Provisioning-Network,NCCM_BM_Tx_ConfigureTxServiceInPEWindow,,,30-04-2015 15:19,,,
NCCM_40116,30-04-2015 15:24,NORMAL,IN PROGRESS,BTNCCM,5,ramkumar.v,Provisioning-Network,NCCM_BM_Tx_ConfigureTxServiceInPEWindow,,,30-04-2015 15:28,,,
NCCM_40126,30-04-2015 16:26,NORMAL,IN PROGRESS,BTNCCM,5,VHole,Provisioning-Network,NCCM_BM_Tx_ConfigureTxServiceInPEWindow,,,30-04-2015 16:36,,,
NCCM_40118,30-04-2015 15:55,NORMAL,IN PROGRESS,BTNCCM,5,omprakash.kore,Provisioning-Network,NCCM_BM_Tx_ConfigureTxServiceInPEWindow,,,01-05-2015 00:00,,,
NCCM_40171,03-05-2015 14:50,NORMAL,IN PROGRESS,BTNCCM,5,VHole,Provisioning-Network,NCCM_BM_Tx_ConfigureTxServiceInPEWindow,,,03-05-2015 14:54,,,
NCCM_40172,03-05-2015 16:20,NORMAL,IN PROGRESS,BTNCCM,5,DeviVish,Provisioning-Network,NCCM_BM_Tx_ConfigureTxServiceInPEWindow,,,03-05-2015 16:22,,,
NCCM_40203,04-05-2015 17:14,NORMAL,IN PROGRESS,BTNCCM,5,VHole,Provisioning-Network,NCCM_BM_Tx_ConfigureTxServiceInPEWindow,,,04-05-2015 17:18,,,
NCCM_40223,04-05-2015 18:57,NORMAL,IN PROGRESS,BTNCCM,5,AFating,Provisioning-Network,NCCM_BM_Tx_ConfigureTxServiceInPEWindow,,,04-05-2015 19:07,,,
NCCM_40258,05-05-2015 15:27,NORMAL,IN PROGRESS,BTNCCM,5,VHole,Provisioning-Network,NCCM_BM_Tx_ConfigureTxServiceInPEWindow,,,05-05-2015 15:32,,,
NCCM_40263,05-05-2015 16:27,NORMAL,IN PROGRESS,BTNCCM,5,ISInamda,Provisioning-Network,NCCM_BM_Tx_ConfigureTxServiceInPEWindow,,,05-05-2015 16:32,,,
NCCM_40265,05-05-2015 17:46,NORMAL,IN PROGRESS,BTNCCM,5,SakArora,Provisioning-Network,NCCM_BM_Tx_ConfigureTxServiceInPEWindow,,,05-05-2015 17:48,,,
NCCM_40272,05-05-2015 19:23,NORMAL,IN PROGRESS,BTNCCM,5,JKathare,Provisioning-Network,NCCM_BM_Tx_ConfigureTxServiceInPEWindow,,,05-05-2015 19:25,,,
NCCM_40310,06-05-2015 19:42,NORMAL,IN PROGRESS,BTNCCM,5,AFating,Provisioning-Network,NCCM_BM_Tx_ConfigureTxServiceInPEWindow,,,06-05-2015 19:46,,,
NCCM_40327,07-05-2015 13:17,NORMAL,IN PROGRESS,BTNCCM,5,AFating,Provisioning-Network,NCCM_BM_Tx_ConfigureTxServiceInPEWindow,,,07-05-2015 13:26,,,
NCCM_40326,07-05-2015 12:54,NORMAL,IN PROGRESS,BTNCCM,5,AFating,Provisioning-Network,NCCM_BM_Tx_ConfigureTxServiceInPEWindow,,,07-05-2015 18:38,,,
NCCM_40337,07-05-2015 18:58,NORMAL,IN PROGRESS,BTNCCM,5,santpati,Provisioning-Network,NCCM_BM_Tx_ConfigureTxServiceInPEWindow,,,07-05-2015 19:02,,,
NCCM_40375,08-05-2015 19:04,NORMAL,IN PROGRESS,BTNCCM,5,AFating,Provisioning-Network,NCCM_BM_Tx_ConfigureTxServiceInPEWindow,,,08-05-2015 19:06,,,
NCCM_40433,11-05-2015 16:55,NORMAL,IN PROGRESS,BTNCCM,5,ISInamda,Provisioning-Network,NCCM_BM_Tx_ConfigureTxServiceInPEWindow,,,11-05-2015 16:57,,,
NCCM_40457,12-05-2015 13:06,NORMAL,IN PROGRESS,BTNCCM,5,SupriKat,Provisioning-Network,NCCM_BM_Tx_ConfigureTxServiceInPEWindow,,,12-05-2015 13:09,,,
NCCM_40479,13-05-2015 10:17,NORMAL,IN PROGRESS,BTNCCM,5,VHole,Provisioning-Network,NCCM_BM_Tx_ConfigureTxServiceInPEWindow,,,13-05-2015 10:19,,,
NCCM_40480,13-05-2015 11:01,NORMAL,IN PROGRESS,BTNCCM,5,hemant.pawar,Provisioning-Network,NCCM_BM_Tx_ConfigureTxServiceInPEWindow,,,13-05-2015 11:06,,,
NCCM_40507,13-05-2015 15:29,NORMAL,IN PROGRESS,BTNCCM,5,ISInamda,Provisioning-Network,NCCM_BM_Tx_ConfigureTxServiceInPEWindow,,,13-05-2015 15:30,,,
NCCM_40520,13-05-2015 18:12,NORMAL,IN PROGRESS,BTNCCM,5,VHole,Provisioning-Network,NCCM_BM_Tx_ConfigureTxServiceInPEWindow,,,13-05-2015 18:18,,,
NCCM_40576,15-05-2015 12:47,NORMAL,IN PROGRESS,BTNCCM,5,VHole,Provisioning-Network,NCCM_BM_Tx_ConfigureTxServiceInPEWindow,,,15-05-2015 13:00,,,
NCCM_40579,15-05-2015 14:04,NORMAL,IN PROGRESS,BTNCCM,5,AFating,Provisioning-Network,NCCM_BM_Tx_ConfigureTxServiceInPEWindow,,,15-05-2015 14:12,,,
NCCM_40580,15-05-2015 14:07,NORMAL,IN PROGRESS,BTNCCM,5,VHole,Provisioning-Network,NCCM_BM_Tx_ConfigureTxServiceInPEWindow,,,15-05-2015 14:23,,,
NCCM_40584,15-05-2015 15:02,NORMAL,IN PROGRESS,BTNCCM,5,VHole,Provisioning-Network,NCCM_BM_Tx_ConfigureTxServiceInPEWindow,,,15-05-2015 15:05,,,
NCCM_40589,15-05-2015 15:28,NORMAL,IN PROGRESS,BTNCCM,5,VHole,Provisioning-Network,NCCM_BM_Tx_ConfigureTxServiceInPEWindow,,,15-05-2015 15:30,,,
NCCM_40608,16-05-2015 18:40,NORMAL,IN PROGRESS,BTNCCM,5,VHole,Provisioning-Network,NCCM_BM_Tx_ConfigureTxServiceInPEWindow,,,16-05-2015 18:46,,,
NCCM_40610,16-05-2015 19:43,NORMAL,IN PROGRESS,BTNCCM,5,VHole,Provisioning-Network,NCCM_BM_Tx_ConfigureTxServiceInPEWindow,,,16-05-2015 19:45,,,
NCCM_40649,18-05-2015 15:11,NORMAL,IN PROGRESS,BTNCCM,5,balbhim.dhonde,Provisioning-Network,NCCM_BM_Tx_ConfigureTxServiceInPEWindow,,,18-05-2015 15:14,,,
NCCM_40729,18-05-2015 18:16,NORMAL,IN PROGRESS,BTNCCM,5,VHole,Provisioning-Network,NCCM_BM_Tx_ConfigureTxServiceInPEWindow,,,18-05-2015 18:20,,,
NCCM_40734,18-05-2015 19:53,NORMAL,IN PROGRESS,BTNCCM,5,ISInamda,Provisioning-Network,NCCM_BM_Tx_ConfigureTxServiceInPEWindow,,,18-05-2015 19:54,,,
NCCM_40743,19-05-2015 12:32,NORMAL,IN PROGRESS,BTNCCM,5,VHole,Provisioning-Network,NCCM_BM_Tx_ConfigureTxServiceInPEWindow,,,19-05-2015 12:36,,,
NCCM_40745,19-05-2015 13:33,NORMAL,IN PROGRESS,BTNCCM,5,ISInamda,Provisioning-Network,NCCM_BM_Tx_ConfigureTxServiceInPEWindow,,,19-05-2015 13:34,,,
NCCM_40814,20-05-2015 10:39,NORMAL,IN PROGRESS,BTNCCM,5,AFating,Provisioning-Network,NCCM_BM_Tx_ConfigureTxServiceInPEWindow,,,20-05-2015 10:49,,,
NCCM_40831,20-05-2015 16:27,NORMAL,IN PROGRESS,BTNCCM,5,VHole,Provisioning-Network,NCCM_BM_Tx_ConfigureTxServiceInPEWindow,,,20-05-2015 16:32,,,
NCCM_40834,20-05-2015 17:06,NORMAL,IN PROGRESS,BTNCCM,5,VHole,Provisioning-Network,NCCM_BM_Tx_ConfigureTxServiceInPEWindow,,,20-05-2015 17:08,,,
NCCM_40836,20-05-2015 18:23,NORMAL,IN PROGRESS,BTNCCM,5,omprakash.kore,Provisioning-Network,NCCM_BM_Tx_ConfigureTxServiceInPEWindow,,,20-05-2015 18:24,,,
NCCM_40846,21-05-2015 12:49,NORMAL,IN PROGRESS,BTNCCM,5,sadvitot,Provisioning-Network,NCCM_BM_Tx_ConfigureTxServiceInPEWindow,,,21-05-2015 12:50,,,
NCCM_40872,21-05-2015 15:27,NORMAL,IN PROGRESS,BTNCCM,5,AFating,Provisioning-Network,NCCM_BM_Tx_ConfigureTxServiceInPEWindow,,,21-05-2015 15:32,,,
NCCM_40873,21-05-2015 16:12,NORMAL,IN PROGRESS,BTNCCM,5,SupriKat,Provisioning-Network,NCCM_BM_Tx_ConfigureTxServiceInPEWindow,,,21-05-2015 16:17,,,
NCCM_40877,21-05-2015 17:04,NORMAL,IN PROGRESS,BTNCCM,5,DeviVish,Provisioning-Network,NCCM_BM_Tx_ConfigureTxServiceInPEWindow,,,21-05-2015 17:07,,,
NCCM_40879,21-05-2015 17:52,NORMAL,IN PROGRESS,BTNCCM,5,aganpule,Provisioning-Network,NCCM_BM_Tx_ConfigureTxServiceInPEWindow,,,21-05-2015 18:12,,,
NCCM_40891,21-05-2015 21:14,NORMAL,IN PROGRESS,BTNCCM,5,VHole,Provisioning-Network,NCCM_BM_Tx_ConfigureTxServiceInPEWindow,,,21-05-2015 21:23,,,
NCCM_40892,22-05-2015 10:27,NORMAL,IN PROGRESS,BTNCCM,5,VHole,Provisioning-Network,NCCM_BM_Tx_ConfigureTxServiceInPEWindow,,,22-05-2015 10:50,,,
NCCM_40893,22-05-2015 10:50,NORMAL,IN PROGRESS,BTNCCM,5,VHole,Provisioning-Network,NCCM_BM_Tx_ConfigureTxServiceInPEWindow,,,22-05-2015 10:52,,,
NCCM_40895,22-05-2015 11:01,NORMAL,IN PROGRESS,BTNCCM,5,ISInamda,Provisioning-Network,NCCM_BM_Tx_ConfigureTxServiceInPEWindow,,,22-05-2015 11:03,,,
NCCM_40900,22-05-2015 11:39,NORMAL,IN PROGRESS,BTNCCM,5,DeviVish,Provisioning-Network,NCCM_BM_Tx_ConfigureTxServiceInPEWindow,,,22-05-2015 11:45,,,
NCCM_40914,22-05-2015 15:03,NORMAL,IN PROGRESS,BTNCCM,5,AFating,Provisioning-Network,NCCM_BM_Tx_ConfigureTxServiceInPEWindow,,,22-05-2015 15:11,,,
NCCM_40915,22-05-2015 15:12,NORMAL,IN PROGRESS,BTNCCM,5,AFating,Provisioning-Network,NCCM_BM_Tx_ConfigureTxServiceInPEWindow,,,22-05-2015 15:14,,,
NCCM_40913,22-05-2015 14:55,NORMAL,IN PROGRESS,BTNCCM,5,ISInamda,Provisioning-Network,NCCM_BM_Tx_ConfigureTxServiceInPEWindow,,,23-05-2015 00:00,,,
NCCM_40869,21-05-2015 15:22,NORMAL,IN PROGRESS,BTNCCM,5,VHole,Provisioning-Network,NCCM_BM_Tx_ConfigureTxServiceInPEWindow,,,23-05-2015 00:00,,,
NCCM_41038,25-05-2015 13:24,NORMAL,IN PROGRESS,BTNCCM,5,VHole,Provisioning-Network,NCCM_BM_Tx_ConfigureTxServiceInPEWindow,,,25-05-2015 13:50,,,
NCCM_41072,26-05-2015 13:40,NORMAL,IN PROGRESS,BTNCCM,5,ramkumar.v,Provisioning-Network,NCCM_BM_Tx_ConfigureTxServiceInPEWindow,,,26-05-2015 13:48,,,
NCCM_41133,27-05-2015 15:55,NORMAL,IN PROGRESS,BTNCCM,5,SupriKat,Provisioning-Network,NCCM_BM_Tx_ConfigureTxServiceInPEWindow,,,27-05-2015 15:59,,,
NCCM_41140,27-05-2015 17:24,NORMAL,IN PROGRESS,BTNCCM,5,VHole,Provisioning-Network,NCCM_BM_Tx_ConfigureTxServiceInPEWindow,,,27-05-2015 17:28,,,
NCCM_41145,27-05-2015 17:35,NORMAL,IN PROGRESS,BTNCCM,5,VHole,Provisioning-Network,NCCM_BM_Tx_ConfigureTxServiceInPEWindow,,,27-05-2015 17:45,,,
NCCM_41190,28-05-2015 16:26,NORMAL,IN PROGRESS,BTNCCM,5,AFating,Provisioning-Network,NCCM_BM_Tx_ConfigureTxServiceInPEWindow,,,28-05-2015 17:07,,,
NCCM_41192,28-05-2015 17:50,NORMAL,IN PROGRESS,BTNCCM,5,SupriKat,Provisioning-Network,NCCM_BM_Tx_ConfigureTxServiceInPEWindow,,,28-05-2015 18:00,,,
NCCM_41201,29-05-2015 11:19,NORMAL,IN PROGRESS,BTNCCM,5,ISInamda,Provisioning-Network,NCCM_BM_Tx_ConfigureTxServiceInPEWindow,,,29-05-2015 11:31,,,
NCCM_41224,29-05-2015 16:02,NORMAL,IN PROGRESS,BTNCCM,5,AFating,Provisioning-Network,NCCM_BM_Tx_ConfigureTxServiceInPEWindow,,,29-05-2015 16:06,,,
NCCM_41226,29-05-2015 16:10,NORMAL,IN PROGRESS,BTNCCM,5,AFating,Provisioning-Network,NCCM_BM_Tx_ConfigureTxServiceInPEWindow,,,29-05-2015 16:13,,,
NCCM_40930,22-05-2015 16:46,NORMAL,IN PROGRESS,BTNCCM,5,VHole,Provisioning-Network,NCCM_BM_Tx_ConfigureTxServiceInPEWindow,,,30-05-2015 00:00,,,
NCCM_41269,30-05-2015 15:39,NORMAL,IN PROGRESS,BTNCCM,5,sadvitot,Provisioning-Network,NCCM_BM_Tx_ConfigureTxServiceInPEWindow,,,30-05-2015 15:41,,,
NCCM_41349,02-06-2015 11:44,NORMAL,IN PROGRESS,BTNCCM,5,VHole,Provisioning-Network,NCCM_BM_Tx_ConfigureTxServiceInPEWindow,,,02-06-2015 11:47,,,
NCCM_41405,02-06-2015 17:18,NORMAL,IN PROGRESS,BTNCCM,5,AFating,Provisioning-Network,NCCM_BM_Tx_ConfigureTxServiceInPEWindow,,,02-06-2015 17:26,,,
NCCM_41428,03-06-2015 12:15,NORMAL,IN PROGRESS,BTNCCM,5,SupriKat,Provisioning-Network,NCCM_BM_Tx_ConfigureTxServiceInPEWindow,,,04-06-2015 00:00,,,
NCCM_41664,08-06-2015 15:41,NORMAL,IN PROGRESS,BTNCCM,5,SupriKat,Provisioning-Network,NCCM_BM_Tx_ConfigureTxServiceInPEWindow,,,09-06-2015 00:00,,,
NCCM_41689,09-06-2015 17:20,NORMAL,IN PROGRESS,BTNCCM,5,ISInamda,Provisioning-Network,NCCM_BM_Tx_ConfigureTxServiceInPEWindow,,,09-06-2015 17:23,,,
NCCM_41698,09-06-2015 19:18,NORMAL,IN PROGRESS,BTNCCM,5,hemant.pawar,Provisioning-Network,NCCM_BM_Tx_ConfigureTxServiceInPEWindow,,,09-06-2015 19:22,,,
NCCM_41697,09-06-2015 18:24,NORMAL,IN PROGRESS,BTNCCM,5,SupriKat,Provisioning-Network,NCCM_BM_Tx_ConfigureTxServiceInPEWindow,,,10-06-2015 00:00,,,
NCCM_41752,10-06-2015 12:20,NORMAL,IN PROGRESS,BTNCCM,5,ISInamda,Provisioning-Network,NCCM_BM_Tx_ConfigureTxServiceInPEWindow,,,10-06-2015 12:25,,,
NCCM_41765,10-06-2015 17:02,NORMAL,IN PROGRESS,BTNCCM,5,ISInamda,Provisioning-Network,NCCM_BM_Tx_ConfigureTxServiceInPEWindow,,,10-06-2015 17:05,,,
NCCM_41776,11-06-2015 11:33,NORMAL,IN PROGRESS,BTNCCM,5,ISInamda,Provisioning-Network,NCCM_BM_Tx_ConfigureTxServiceInPEWindow,,,11-06-2015 11:54,,,
NCCM_41783,11-06-2015 12:24,NORMAL,IN PROGRESS,BTNCCM,5,ISInamda,Provisioning-Network,NCCM_BM_Tx_ConfigureTxServiceInPEWindow,,,11-06-2015 12:46,,,
NCCM_41853,11-06-2015 18:31,NORMAL,IN PROGRESS,BTNCCM,5,AFating,Provisioning-Network,NCCM_BM_Tx_ConfigureTxServiceInPEWindow,,,11-06-2015 18:46,,,
NCCM_41903,12-06-2015 18:49,NORMAL,IN PROGRESS,BTNCCM,5,VHole,Provisioning-Network,NCCM_BM_Tx_ConfigureTxServiceInPEWindow,,,12-06-2015 18:56,,,
NCCM_41888,12-06-2015 13:31,NORMAL,IN PROGRESS,BTNCCM,5,ISInamda,Provisioning-Network,NCCM_BM_Tx_ConfigureTxServiceInPEWindow,,,14-06-2015 00:00,,,
NCCM_41952,15-06-2015 13:29,NORMAL,IN PROGRESS,BTNCCM,5,SupriKat,Provisioning-Network,NCCM_BM_Tx_ConfigureTxServiceInPEWindow,,,15-06-2015 13:32,,,
NCCM_42007,16-06-2015 13:03,NORMAL,IN PROGRESS,BTNCCM,5,SupriKat,Provisioning-Network,NCCM_BM_Tx_ConfigureTxServiceInPEWindow,,,16-06-2015 13:07,,,
NCCM_42024,16-06-2015 15:22,NORMAL,IN PROGRESS,BTNCCM,5,VHole,Provisioning-Network,NCCM_BM_Tx_ConfigureTxServiceInPEWindow,,,16-06-2015 15:26,,,
NCCM_42175,18-06-2015 16:16,NORMAL,IN PROGRESS,BTNCCM,5,VHole,Provisioning-Network,NCCM_BM_Tx_ConfigureTxServiceInPEWindow,,,18-06-2015 16:19,,,
NCCM_42190,18-06-2015 18:14,NORMAL,IN PROGRESS,BTNCCM,5,SupriKat,Provisioning-Network,NCCM_BM_Tx_ConfigureTxServiceInPEWindow,,,18-06-2015 18:22,,,
NCCM_42261,19-06-2015 18:56,NORMAL,IN PROGRESS,BTNCCM,5,VHole,Provisioning-Network,NCCM_BM_Tx_ConfigureTxServiceInPEWindow,,,19-06-2015 19:01,,,
NCCM_42268,20-06-2015 13:44,NORMAL,IN PROGRESS,BTNCCM,5,hemant.pawar,Provisioning-Network,NCCM_BM_Tx_ConfigureTxServiceInPEWindow,,,20-06-2015 14:04,,,
NCCM_42274,20-06-2015 14:35,NORMAL,IN PROGRESS,BTNCCM,5,JKathare,Provisioning-Network,NCCM_BM_Tx_ConfigureTxServiceInPEWindow,,,20-06-2015 14:39,,,
NCCM_42335,22-06-2015 19:57,NORMAL,IN PROGRESS,BTNCCM,5,VHole,Provisioning-Network,NCCM_BM_Tx_ConfigureTxServiceInPEWindow,,,22-06-2015 19:59,,,
NCCM_42333,22-06-2015 18:49,NORMAL,IN PROGRESS,BTNCCM,5,SupriKat,Provisioning-Network,NCCM_BM_Tx_ConfigureTxServiceInPEWindow,,,24-06-2015 00:00,,,
NCCM_42305,22-06-2015 11:06,NORMAL,IN PROGRESS,BTNCCM,5,SupriKat,Provisioning-Network,NCCM_BM_Tx_ConfigureTxServiceInPEWindow,,,24-06-2015 00:00,,,
NCCM_42373,24-06-2015 10:58,NORMAL,IN PROGRESS,BTNCCM,5,AFating,Provisioning-Network,NCCM_BM_Tx_ConfigureTxServiceInPEWindow,,,24-06-2015 11:00,,,
NCCM_42404,24-06-2015 14:28,NORMAL,IN PROGRESS,BTNCCM,5,AFating,Provisioning-Network,NCCM_BM_Tx_ConfigureTxServiceInPEWindow,,,24-06-2015 14:34,,,
NCCM_42405,24-06-2015 14:43,NORMAL,IN PROGRESS,BTNCCM,5,SupriKat,Provisioning-Network,NCCM_BM_Tx_ConfigureTxServiceInPEWindow,,,24-06-2015 14:45,,,
NCCM_42422,24-06-2015 19:15,NORMAL,IN PROGRESS,BTNCCM,5,VHole,Provisioning-Network,NCCM_BM_Tx_ConfigureTxServiceInPEWindow,,,24-06-2015 19:17,,,
NCCM_42523,25-06-2015 13:41,NORMAL,IN PROGRESS,BTNCCM,5,JKathare,Provisioning-Network,NCCM_BM_Tx_ConfigureTxServiceInPEWindow,,,25-06-2015 13:49,,,
NCCM_42567,25-06-2015 17:07,NORMAL,IN PROGRESS,BTNCCM,5,hemant.pawar,Provisioning-Network,NCCM_BM_Tx_ConfigureTxServiceInPEWindow,,,25-06-2015 17:10,,,
NCCM_42595,26-06-2015 15:26,NORMAL,IN PROGRESS,BTNCCM,5,hemant.pawar,Provisioning-Network,NCCM_BM_Tx_ConfigureTxServiceInPEWindow,,,26-06-2015 15:33,,,
NCCM_42601,26-06-2015 15:46,NORMAL,IN PROGRESS,BTNCCM,5,VHole,Provisioning-Network,NCCM_BM_Tx_ConfigureTxServiceInPEWindow,,,26-06-2015 15:51,,,
NCCM_42611,26-06-2015 17:57,NORMAL,IN PROGRESS,BTNCCM,5,AFating,Provisioning-Network,NCCM_BM_Tx_ConfigureTxServiceInPEWindow,,,26-06-2015 18:02,,,
NCCM_42739,29-06-2015 15:02,NORMAL,IN PROGRESS,BTNCCM,5,AFating,Provisioning-Network,NCCM_BM_Tx_ConfigureTxServiceInPEWindow,,,29-06-2015 15:06,,,
NCCM_42795,29-06-2015 18:42,NORMAL,IN PROGRESS,BTNCCM,5,SupriKat,Provisioning-Network,NCCM_BM_Tx_ConfigureTxServiceInPEWindow,,,29-06-2015 18:44,,,
NCCM_42804,30-06-2015 16:47,NORMAL,IN PROGRESS,BTNCCM,5,SupriKat,Provisioning-Network,NCCM_BM_Tx_ConfigureTxServiceInPEWindow,,,01-07-2015 00:00,,,
NCCM_42836,01-07-2015 10:08,NORMAL,IN PROGRESS,BTNCCM,5,DeviVish,Provisioning-Network,NCCM_BM_Tx_ConfigureTxServiceInPEWindow,,,01-07-2015 10:16,,,
NCCM_42852,01-07-2015 13:44,NORMAL,IN PROGRESS,BTNCCM,5,SupriKat,Provisioning-Network,NCCM_BM_Tx_ConfigureTxServiceInPEWindow,,,01-07-2015 13:45,,,
NCCM_42866,01-07-2015 19:07,NORMAL,IN PROGRESS,BTNCCM,5,AFating,Provisioning-Network,NCCM_BM_Tx_ConfigureTxServiceInPEWindow,,,01-07-2015 19:12,,,
NCCM_42854,01-07-2015 14:42,NORMAL,IN PROGRESS,BTNCCM,5,SupriKat,Provisioning-Network,NCCM_BM_Tx_ConfigureTxServiceInPEWindow,,,02-07-2015 00:00,,,
NCCM_42859,01-07-2015 17:42,NORMAL,IN PROGRESS,BTNCCM,5,SupriKat,Provisioning-Network,NCCM_BM_Tx_ConfigureTxServiceInPEWindow,,,02-07-2015 00:00,,,
NCCM_42930,02-07-2015 13:24,NORMAL,IN PROGRESS,BTNCCM,5,SupriKat,Provisioning-Network,NCCM_BM_Tx_ConfigureTxServiceInPEWindow,,,02-07-2015 13:26,,,
NCCM_42577,26-06-2015 10:50,NORMAL,IN PROGRESS,BTNCCM,5,hemant.pawar,Provisioning-Network,NCCM_BM_Tx_ConfigureTxServiceInPEWindow,,,02-07-2015 15:29,,,
NCCM_43027,02-07-2015 19:00,NORMAL,IN PROGRESS,BTNCCM,5,JKathare,Provisioning-Network,NCCM_BM_Tx_ConfigureTxServiceInPEWindow,,,02-07-2015 19:03,,,
NCCM_43060,03-07-2015 11:13,NORMAL,IN PROGRESS,BTNCCM,5,SupriKat,Provisioning-Network,NCCM_BM_Tx_ConfigureTxServiceInPEWindow,,,03-07-2015 11:16,,,
NCCM_43081,03-07-2015 12:08,NORMAL,IN PROGRESS,BTNCCM,5,SupriKat,Provisioning-Network,NCCM_BM_Tx_ConfigureTxServiceInPEWindow,,,03-07-2015 12:10,,,
NCCM_43181,03-07-2015 18:07,NORMAL,IN PROGRESS,BTNCCM,5,JKathare,Provisioning-Network,NCCM_BM_Tx_ConfigureTxServiceInPEWindow,,,03-07-2015 18:15,,,
NCCM_43184,03-07-2015 18:42,NORMAL,IN PROGRESS,BTNCCM,5,JKathare,Provisioning-Network,NCCM_BM_Tx_ConfigureTxServiceInPEWindow,,,03-07-2015 18:55,,,
NCCM_43198,04-07-2015 10:44,NORMAL,IN PROGRESS,BTNCCM,5,VHole,Provisioning-Network,NCCM_BM_Tx_ConfigureTxServiceInPEWindow,,,04-07-2015 19:35,,,
NCCM_43315,06-07-2015 19:46,NORMAL,IN PROGRESS,BTNCCM,5,SupriKat,Provisioning-Network,NCCM_BM_Tx_ConfigureTxServiceInPEWindow,,,06-07-2015 19:50,,,
NCCM_43334,07-07-2015 11:20,NORMAL,IN PROGRESS,BTNCCM,5,ISInamda,Provisioning-Network,NCCM_BM_Tx_ConfigureTxServiceInPEWindow,,,07-07-2015 11:23,,,
NCCM_43492,07-07-2015 19:24,NORMAL,IN PROGRESS,BTNCCM,5,AFating,Provisioning-Network,NCCM_BM_Tx_ConfigureTxServiceInPEWindow,,,07-07-2015 19:39,,,
NCCM_43227,06-07-2015 13:26,NORMAL,IN PROGRESS,BTNCCM,5,SupriKat,Provisioning-Network,NCCM_BM_Tx_ConfigureTxServiceInPEWindow,,,08-07-2015 00:00,,,
NCCM_43495,08-07-2015 10:27,NORMAL,IN PROGRESS,BTNCCM,5,VHole,Provisioning-Network,NCCM_BM_Tx_ConfigureTxServiceInPEWindow,,,08-07-2015 10:32,,,
NCCM_43557,08-07-2015 16:17,NORMAL,IN PROGRESS,BTNCCM,5,SupriKat,Provisioning-Network,NCCM_BM_Tx_ConfigureTxServiceInPEWindow,,,08-07-2015 16:19,,,
NCCM_43556,08-07-2015 16:17,NORMAL,IN PROGRESS,BTNCCM,5,DeviVish,Provisioning-Network,NCCM_BM_Tx_ConfigureTxServiceInPEWindow,,,08-07-2015 16:21,,,
NCCM_43560,08-07-2015 16:54,NORMAL,IN PROGRESS,BTNCCM,5,SupriKat,Provisioning-Network,NCCM_BM_Tx_ConfigureTxServiceInPEWindow,,,08-07-2015 17:01,,,
NCCM_43562,08-07-2015 18:20,NORMAL,IN PROGRESS,BTNCCM,5,SupriKat,Provisioning-Network,NCCM_BM_Tx_ConfigureTxServiceInPEWindow,,,09-07-2015 00:00,,,
NCCM_43570,09-07-2015 10:55,NORMAL,IN PROGRESS,BTNCCM,5,DeviVish,Provisioning-Network,NCCM_BM_Tx_ConfigureTxServiceInPEWindow,,,09-07-2015 11:00,,,
NCCM_43529,08-07-2015 11:44,NORMAL,IN PROGRESS,BTNCCM,5,SupriKat,Provisioning-Network,NCCM_BM_Tx_ConfigureTxServiceInPEWindow,,,10-07-2015 00:00,,,
NCCM_43657,10-07-2015 07:05,NORMAL,IN PROGRESS,BTNCCM,5,AFating,Provisioning-Network,NCCM_BM_Tx_ConfigureTxServiceInPEWindow,,,10-07-2015 07:09,,,
NCCM_43677,10-07-2015 16:38,NORMAL,IN PROGRESS,BTNCCM,5,VHole,Provisioning-Network,NCCM_BM_Tx_ConfigureTxServiceInPEWindow,,,10-07-2015 16:42,,,
NCCM_43679,10-07-2015 16:42,NORMAL,IN PROGRESS,BTNCCM,5,VHole,Provisioning-Network,NCCM_BM_Tx_ConfigureTxServiceInPEWindow,,,10-07-2015 16:45,,,
NCCM_43724,11-07-2015 18:11,NORMAL,IN PROGRESS,BTNCCM,5,ISInamda,Provisioning-Network,NCCM_BM_Tx_ConfigureTxServiceInPEWindow,,,11-07-2015 18:13,,,
NCCM_43744,13-07-2015 11:35,NORMAL,IN PROGRESS,BTNCCM,5,VHole,Provisioning-Network,NCCM_BM_Tx_ConfigureTxServiceInPEWindow,,,13-07-2015 11:38,,,
NCCM_43833,14-07-2015 16:16,NORMAL,IN PROGRESS,BTNCCM,5,VHole,Provisioning-Network,NCCM_BM_Tx_ConfigureTxServiceInPEWindow,,,14-07-2015 16:19,,,
NCCM_43888,15-07-2015 13:15,NORMAL,IN PROGRESS,BTNCCM,5,ISInamda,Provisioning-Network,NCCM_BM_Tx_ConfigureTxServiceInPEWindow,,,15-07-2015 13:18,,,
NCCM_43895,15-07-2015 13:27,NORMAL,IN PROGRESS,BTNCCM,5,JKathare,Provisioning-Network,NCCM_BM_Tx_ConfigureTxServiceInPEWindow,,,15-07-2015 13:39,,,
NCCM_43897,15-07-2015 14:25,NORMAL,IN PROGRESS,BTNCCM,5,VHole,Provisioning-Network,NCCM_BM_Tx_ConfigureTxServiceInPEWindow,,,15-07-2015 14:29,,,
NCCM_43983,15-07-2015 19:22,NORMAL,IN PROGRESS,BTNCCM,5,VHole,Provisioning-Network,NCCM_BM_Tx_ConfigureTxServiceInPEWindow,,,15-07-2015 19:28,,,
NCCM_44076,16-07-2015 20:20,NORMAL,IN PROGRESS,BTNCCM,5,SupriKat,Provisioning-Network,NCCM_BM_Tx_ConfigureTxServiceInPEWindow,,,16-07-2015 20:22,,,
NCCM_44103,17-07-2015 13:41,NORMAL,IN PROGRESS,BTNCCM,5,VHole,Provisioning-Network,NCCM_BM_Tx_ConfigureTxServiceInPEWindow,,,17-07-2015 13:45,,,
NCCM_44105,17-07-2015 13:43,NORMAL,IN PROGRESS,BTNCCM,5,SupriKat,Provisioning-Network,NCCM_BM_Tx_ConfigureTxServiceInPEWindow,,,17-07-2015 13:46,,,
NCCM_44110,17-07-2015 15:18,NORMAL,IN PROGRESS,BTNCCM,5,sadvitot,Provisioning-Network,NCCM_BM_Tx_ConfigureTxServiceInPEWindow,,,17-07-2015 15:35,,,
NCCM_44139,17-07-2015 18:46,NORMAL,IN PROGRESS,BTNCCM,5,VHole,Provisioning-Network,NCCM_BM_Tx_ConfigureTxServiceInPEWindow,,,17-07-2015 18:49,,,
NCCM_44157,18-07-2015 17:54,NORMAL,IN PROGRESS,BTNCCM,5,ramkumar.v,Provisioning-Network,NCCM_BM_Tx_ConfigureTxServiceInPEWindow,,,18-07-2015 17:57,,,
NCCM_44159,18-07-2015 18:32,NORMAL,IN PROGRESS,BTNCCM,5,ramkumar.v,Provisioning-Network,NCCM_BM_Tx_ConfigureTxServiceInPEWindow,,,18-07-2015 18:34,,,
NCCM_44202,20-07-2015 15:46,NORMAL,IN PROGRESS,BTNCCM,5,SupriKat,Provisioning-Network,NCCM_BM_Tx_ConfigureTxServiceInPEWindow,,,21-07-2015 00:00,,,
NCCM_44235,21-07-2015 11:05,NORMAL,IN PROGRESS,BTNCCM,5,ISInamda,Provisioning-Network,NCCM_BM_Tx_ConfigureTxServiceInPEWindow,,,21-07-2015 11:07,,,
NCCM_42914,02-07-2015 11:36,NORMAL,IN PROGRESS,BTNCCM,5,KJamdade,PMG,NCCM_BM_Tx_ConfigureTxServiceInPEWindow,,,21-07-2015 11:52,,,
NCCM_42063,17-06-2015 10:55,NORMAL,IN PROGRESS,BTNCCM,5,bikramjit.singh,PMG,NCCM_BM_Tx_ConfigureTxServiceInPEWindow,,,21-07-2015 11:54,,,
NCCM_42358,23-06-2015 17:32,NORMAL,IN PROGRESS,BTNCCM,5,bikramjit.singh,PMG,NCCM_BM_Tx_ConfigureTxServiceInPEWindow,,,21-07-2015 11:55,,,
NCCM_44244,21-07-2015 12:03,NORMAL,IN PROGRESS,BTNCCM,5,JKathare,Provisioning-Network,NCCM_BM_Tx_ConfigureTxServiceInPEWindow,,,21-07-2015 12:10,,,
NCCM_44338,22-07-2015 12:19,NORMAL,IN PROGRESS,BTNCCM,5,ramkumar.v,Provisioning-Network,NCCM_BM_Tx_ConfigureTxServiceInPEWindow,,,22-07-2015 12:24,,,
NCCM_44352,22-07-2015 13:23,NORMAL,IN PROGRESS,BTNCCM,5,DeviVish,Provisioning-Network,NCCM_BM_Tx_ConfigureTxServiceInPEWindow,,,22-07-2015 13:30,,,
NCCM_44392,22-07-2015 19:43,NORMAL,IN PROGRESS,BTNCCM,5,ISInamda,Provisioning-Network,NCCM_BM_Tx_ConfigureTxServiceInPEWindow,,,22-07-2015 19:44,,,
NCCM_44425,23-07-2015 16:12,NORMAL,IN PROGRESS,BTNCCM,5,ISInamda,Provisioning-Network,NCCM_BM_Tx_ConfigureTxServiceInPEWindow,,,23-07-2015 16:14,,,
NCCM_44428,23-07-2015 16:16,NORMAL,IN PROGRESS,BTNCCM,5,ramkumar.v,Provisioning-Network,NCCM_BM_Tx_ConfigureTxServiceInPEWindow,,,23-07-2015 16:17,,,
NCCM_44533,24-07-2015 17:40,NORMAL,IN PROGRESS,BTNCCM,5,SupriKat,Provisioning-Network,NCCM_BM_Tx_ConfigureTxServiceInPEWindow,,,24-07-2015 17:42,,,
NCCM_44741,28-07-2015 12:39,NORMAL,IN PROGRESS,BTNCCM,5,ISInamda,Provisioning-Network,NCCM_BM_Tx_ConfigureTxServiceInPEWindow,,,28-07-2015 12:41,,,
NCCM_44752,28-07-2015 15:11,NORMAL,IN PROGRESS,BTNCCM,5,SupriKat,Provisioning-Network,NCCM_BM_Tx_ConfigureTxServiceInPEWindow,,,28-07-2015 15:13,,,
NCCM_44758,28-07-2015 18:29,NORMAL,IN PROGRESS,BTNCCM,5,VHole,Provisioning-Network,NCCM_BM_Tx_ConfigureTxServiceInPEWindow,,,28-07-2015 18:34,,,
NCCM_44759,28-07-2015 19:05,NORMAL,IN PROGRESS,BTNCCM,5,SupriKat,Provisioning-Network,NCCM_BM_Tx_ConfigureTxServiceInPEWindow,,,28-07-2015 19:10,,,
NCCM_44760,28-07-2015 19:10,NORMAL,IN PROGRESS,BTNCCM,5,SupriKat,Provisioning-Network,NCCM_BM_Tx_ConfigureTxServiceInPEWindow,,,28-07-2015 19:11,,,
NCCM_44743,28-07-2015 13:07,NORMAL,IN PROGRESS,BTNCCM,5,SupriKat,Provisioning-Network,NCCM_BM_Tx_ConfigureTxServiceInPEWindow,,,29-07-2015 00:00,,,
NCCM_44795,29-07-2015 13:20,NORMAL,IN PROGRESS,BTNCCM,5,ramkumar.v,Provisioning-Network,NCCM_BM_Tx_ConfigureTxServiceInPEWindow,,,29-07-2015 13:22,,,
NCCM_44794,29-07-2015 13:15,NORMAL,IN PROGRESS,BTNCCM,5,ramkumar.v,Provisioning-Network,NCCM_BM_Tx_ConfigureTxServiceInPEWindow,,,29-07-2015 13:24,,,
NCCM_44805,29-07-2015 15:02,NORMAL,IN PROGRESS,BTNCCM,5,JKathare,Provisioning-Network,NCCM_BM_Tx_ConfigureTxServiceInPEWindow,,,29-07-2015 15:07,,,
NCCM_42831,30-06-2015 19:04,NORMAL,IN PROGRESS,BTNCCM,5,KJamdade,PMG,NCCM_BM_Tx_ConfigureTxServiceInPEWindow,,,30-07-2015 16:05,,,
NCCM_43311,06-07-2015 18:30,NORMAL,IN PROGRESS,BTNCCM,5,KJamdade,PMG,NCCM_BM_Tx_ConfigureTxServiceInPEWindow,,,30-07-2015 16:45,,,
NCCM_44879,30-07-2015 15:12,NORMAL,IN PROGRESS,BTNCCM,5,KJamdade,PMG,NCCM_BM_Tx_ConfigureTxServiceInPEWindow,,,30-07-2015 17:06,,,
NCCM_45013,30-07-2015 17:54,NORMAL,IN PROGRESS,BTNCCM,5,SupriKat,Provisioning-Network,NCCM_BM_Tx_ConfigureTxServiceInPEWindow,,,30-07-2015 17:58,,,
NCCM_45071,31-07-2015 12:16,NORMAL,IN PROGRESS,BTNCCM,5,JKathare,Provisioning-Network,NCCM_BM_Tx_ConfigureTxServiceInPEWindow,,,31-07-2015 12:21,,,
NCCM_45114,31-07-2015 13:13,NORMAL,IN PROGRESS,BTNCCM,5,sadvitot,Provisioning-Network,NCCM_BM_Tx_ConfigureTxServiceInPEWindow,,,31-07-2015 13:18,,,
NCCM_45150,31-07-2015 20:46,NORMAL,IN PROGRESS,BTNCCM,5,AFating,Provisioning-Network,NCCM_BM_Tx_ConfigureTxServiceInPEWindow,,,31-07-2015 20:49,,,
NCCM_45206,03-08-2015 18:12,NORMAL,IN PROGRESS,BTNCCM,5,ISInamda,Provisioning-Network,NCCM_BM_Tx_ConfigureTxServiceInPEWindow,,,03-08-2015 18:14,,,
NCCM_45269,04-08-2015 13:35,NORMAL,IN PROGRESS,BTNCCM,5,ISInamda,Provisioning-Network,NCCM_BM_Tx_ConfigureTxServiceInPEWindow,,,04-08-2015 13:39,,,
NCCM_45270,04-08-2015 13:47,NORMAL,IN PROGRESS,BTNCCM,5,ISInamda,Provisioning-Network,NCCM_BM_Tx_ConfigureTxServiceInPEWindow,,,04-08-2015 13:48,,,
NCCM_45411,06-08-2015 14:42,NORMAL,IN PROGRESS,BTNCCM,5,AFating,Provisioning-Network,NCCM_BM_Tx_ConfigureTxServiceInPEWindow,,,06-08-2015 14:46,,,
NCCM_45469,06-08-2015 19:41,NORMAL,IN PROGRESS,BTNCCM,5,VHole,Provisioning-Network,NCCM_BM_Tx_ConfigureTxServiceInPEWindow,,,06-08-2015 19:45,,,
NCCM_45547,07-08-2015 12:36,NORMAL,IN PROGRESS,BTNCCM,5,JKathare,Provisioning-Network,NCCM_BM_Tx_ConfigureTxServiceInPEWindow,,,07-08-2015 12:42,,,
NCCM_45649,07-08-2015 18:18,NORMAL,IN PROGRESS,BTNCCM,5,PoGawali,Provisioning-Network,NCCM_BM_Tx_ConfigureTxServiceInPEWindow,,,07-08-2015 18:24,,,
NCCM_45780,10-08-2015 20:01,NORMAL,IN PROGRESS,BTNCCM,5,VHole,Provisioning-Network,NCCM_BM_Tx_ConfigureTxServiceInPEWindow,,,10-08-2015 20:11,,,
NCCM_45869,12-08-2015 16:21,NORMAL,IN PROGRESS,BTNCCM,5,VHole,Provisioning-Network,NCCM_BM_Tx_ConfigureTxServiceInPEWindow,,,12-08-2015 16:24,,,
NCCM_46333,18-08-2015 18:02,NORMAL,IN PROGRESS,BTNCCM,5,VHole,Provisioning-Network,NCCM_BM_Tx_ConfigureTxServiceInPEWindow,,,18-08-2015 18:05,,,
NCCM_46431,19-08-2015 20:11,NORMAL,IN PROGRESS,BTNCCM,5,VHole,Provisioning-Network,NCCM_BM_Tx_ConfigureTxServiceInPEWindow,,,19-08-2015 20:14,,,
NCCM_46444,20-08-2015 10:45,NORMAL,IN PROGRESS,BTNCCM,5,VHole,Provisioning-Network,NCCM_BM_Tx_ConfigureTxServiceInPEWindow,,,20-08-2015 10:56,,,
NCCM_46456,20-08-2015 12:54,NORMAL,IN PROGRESS,BTNCCM,5,JKathare,Provisioning-Network,NCCM_BM_Tx_ConfigureTxServiceInPEWindow,,,20-08-2015 12:57,,,
NCCM_46457,20-08-2015 12:58,NORMAL,IN PROGRESS,BTNCCM,5,JKathare,Provisioning-Network,NCCM_BM_Tx_ConfigureTxServiceInPEWindow,,,20-08-2015 13:00,,,
NCCM_45810,11-08-2015 13:11,NORMAL,IN PROGRESS,BTNCCM,5,KJamdade,PMG,NCCM_BM_Tx_ConfigureTxServiceInPEWindow,,,21-08-2015 14:56,,,
NCCM_43949,15-07-2015 15:35,NORMAL,IN PROGRESS,BTNCCM,5,AFating,Provisioning-Network,NCCM_BM_Tx_ConfigureTxServiceInPEWindow,,,22-08-2015 00:00,,,
NCCM_46741,25-08-2015 17:05,NORMAL,IN PROGRESS,BTNCCM,5,KJamdade,PMG,NCCM_BM_Tx_ConfigureTxServiceInPEWindow,,,27-08-2015 13:34,,,
NCCM_46985,27-08-2015 14:50,NORMAL,IN PROGRESS,BTNCCM,5,ISInamda,Provisioning-Network,NCCM_BM_Tx_ConfigureTxServiceInPEWindow,,,27-08-2015 14:51,,,
NCCM_47026,28-08-2015 11:53,NORMAL,IN PROGRESS,BTNCCM,5,amit.kumar1,Provisioning-Network,NCCM_BM_Tx_ConfigureTxServiceInPEWindow,,,28-08-2015 11:55,,,
NCCM_47104,29-08-2015 20:26,NORMAL,IN PROGRESS,BTNCCM,5,amit.kumar1,Provisioning-Network,NCCM_BM_Tx_ConfigureTxServiceInPEWindow,,,29-08-2015 20:31,,,
NCCM_47108,30-08-2015 16:50,NORMAL,IN PROGRESS,BTNCCM,5,ISInamda,Provisioning-Network,NCCM_BM_Tx_ConfigureTxServiceInPEWindow,,,30-08-2015 16:52,,,
NCCM_47234,31-08-2015 17:33,NORMAL,IN PROGRESS,BTNCCM,5,ISInamda,Provisioning-Network,NCCM_BM_Tx_ConfigureTxServiceInPEWindow,,,31-08-2015 17:34,,,
NCCM_47310,01-09-2015 14:33,NORMAL,IN PROGRESS,BTNCCM,5,AFating,Provisioning-Network,NCCM_BM_Tx_ConfigureTxServiceInPEWindow,,,01-09-2015 14:36,,,
NCCM_47384,02-09-2015 15:37,NORMAL,IN PROGRESS,BTNCCM,5,VHole,Provisioning-Network,NCCM_BM_Tx_ConfigureTxServiceInPEWindow,,,02-09-2015 15:45,,,
NCCM_47423,03-09-2015 11:45,NORMAL,IN PROGRESS,BTNCCM,5,ISInamda,Provisioning-Network,NCCM_BM_Tx_ConfigureTxServiceInPEWindow,,,03-09-2015 11:46,,,
NCCM_47425,03-09-2015 11:52,NORMAL,IN PROGRESS,BTNCCM,5,ISInamda,Provisioning-Network,NCCM_BM_Tx_ConfigureTxServiceInPEWindow,,,03-09-2015 11:54,,,
NCCM_47431,03-09-2015 12:23,NORMAL,IN PROGRESS,BTNCCM,5,ISInamda,Provisioning-Network,NCCM_BM_Tx_ConfigureTxServiceInPEWindow,,,03-09-2015 12:24,,,
NCCM_47497,04-09-2015 13:34,NORMAL,IN PROGRESS,BTNCCM,5,SupriKat,Provisioning-Network,NCCM_BM_Tx_ConfigureTxServiceInPEWindow,,,04-09-2015 13:38,,,
NCCM_47516,04-09-2015 17:06,NORMAL,IN PROGRESS,BTNCCM,5,VHole,Provisioning-Network,NCCM_BM_Tx_ConfigureTxServiceInPEWindow,,,04-09-2015 17:10,,,
NCCM_47563,07-09-2015 11:16,NORMAL,IN PROGRESS,BTNCCM,5,VHole,Provisioning-Network,NCCM_BM_Tx_ConfigureTxServiceInPEWindow,,,07-09-2015 11:21,,,
NCCM_47142,31-08-2015 10:06,NORMAL,IN PROGRESS,BTNCCM,5,KJamdade,PMG,NCCM_BM_Tx_ConfigureTxServiceInPEWindow,,,07-09-2015 13:10,,,
NCCM_47608,07-09-2015 17:09,NORMAL,IN PROGRESS,BTNCCM,5,VHole,Provisioning-Network,NCCM_BM_Tx_ConfigureTxServiceInPEWindow,,,07-09-2015 17:16,,,
NCCM_47711,10-09-2015 13:48,NORMAL,IN PROGRESS,BTNCCM,5,VHole,Provisioning-Network,NCCM_BM_Tx_ConfigureTxServiceInPEWindow,,,10-09-2015 13:51,,,
NCCM_47715,10-09-2015 15:22,NORMAL,IN PROGRESS,BTNCCM,5,SupriKat,Provisioning-Network,NCCM_BM_Tx_ConfigureTxServiceInPEWindow,,,10-09-2015 15:24,,,
NCCM_47745,11-09-2015 14:04,NORMAL,IN PROGRESS,BTNCCM,5,ploni,Provisioning-Network,NCCM_BM_Tx_ConfigureTxServiceInPEWindow,,,11-09-2015 14:15,,,
NCCM_47731,11-09-2015 10:05,NORMAL,IN PROGRESS,BTNCCM,5,ploni,Provisioning-Network,NCCM_BM_Tx_ConfigureTxServiceInPEWindow,,,11-09-2015 14:26,,,
NCCM_47768,11-09-2015 17:59,NORMAL,IN PROGRESS,BTNCCM,5,SupriKat,Provisioning-Network,NCCM_BM_Tx_ConfigureTxServiceInPEWindow,,,11-09-2015 18:01,,,
NCCM_47770,11-09-2015 19:14,NORMAL,IN PROGRESS,BTNCCM,5,VHole,Provisioning-Network,NCCM_BM_Tx_ConfigureTxServiceInPEWindow,,,11-09-2015 19:18,,,
NCCM_47781,12-09-2015 13:09,NORMAL,IN PROGRESS,BTNCCM,5,VHole,Provisioning-Network,NCCM_BM_Tx_ConfigureTxServiceInPEWindow,,,12-09-2015 13:11,,,
NCCM_47824,14-09-2015 15:18,NORMAL,IN PROGRESS,BTNCCM,5,JKathare,Provisioning-Network,NCCM_BM_Tx_ConfigureTxServiceInPEWindow,,,14-09-2015 15:21,,,
NCCM_47885,16-09-2015 13:30,NORMAL,IN PROGRESS,BTNCCM,5,SupriKat,Provisioning-Network,NCCM_BM_Tx_ConfigureTxServiceInPEWindow,,,16-09-2015 13:32,,,
NCCM_47901,16-09-2015 16:58,NORMAL,IN PROGRESS,BTNCCM,5,VHole,Provisioning-Network,NCCM_BM_Tx_ConfigureTxServiceInPEWindow,,,16-09-2015 17:01,,,
NCCM_47928,18-09-2015 11:26,NORMAL,IN PROGRESS,BTNCCM,5,JKathare,Provisioning-Network,NCCM_BM_Tx_ConfigureTxServiceInPEWindow,,,18-09-2015 11:29,,,
NCCM_48002,19-09-2015 12:38,NORMAL,IN PROGRESS,BTNCCM,5,DeviVish,Provisioning-Network,NCCM_BM_Tx_ConfigureTxServiceInPEWindow,,,19-09-2015 12:41,,,
NCCM_48082,22-09-2015 16:49,NORMAL,IN PROGRESS,BTNCCM,5,VHole,Provisioning-Network,NCCM_BM_Tx_ConfigureTxServiceInPEWindow,,,22-09-2015 16:59,,,
NCCM_48094,23-09-2015 10:28,NORMAL,IN PROGRESS,BTNCCM,5,JKathare,Provisioning-Network,NCCM_BM_Tx_ConfigureTxServiceInPEWindow,,,23-09-2015 10:31,,,
NCCM_48095,23-09-2015 10:58,NORMAL,IN PROGRESS,BTNCCM,5,JKathare,Provisioning-Network,NCCM_BM_Tx_ConfigureTxServiceInPEWindow,,,23-09-2015 11:00,,,
NCCM_48102,23-09-2015 12:26,NORMAL,IN PROGRESS,BTNCCM,5,JKathare,Provisioning-Network,NCCM_BM_Tx_ConfigureTxServiceInPEWindow,,,23-09-2015 12:28,,,
NCCM_48126,24-09-2015 12:44,NORMAL,IN PROGRESS,BTNCCM,5,SupriKat,Provisioning-Network,NCCM_BM_Tx_ConfigureTxServiceInPEWindow,,,24-09-2015 12:46,,,
NCCM_48133,24-09-2015 16:27,NORMAL,IN PROGRESS,BTNCCM,5,VHole,Provisioning-Network,NCCM_BM_Tx_ConfigureTxServiceInPEWindow,,,24-09-2015 17:10,,,
NCCM_48189,26-09-2015 13:22,NORMAL,IN PROGRESS,BTNCCM,5,VHole,Provisioning-Network,NCCM_BM_Tx_ConfigureTxServiceInPEWindow,,,26-09-2015 13:26,,,
NCCM_48263,29-09-2015 12:32,NORMAL,IN PROGRESS,BTNCCM,5,VHole,Provisioning-Network,NCCM_BM_Tx_ConfigureTxServiceInPEWindow,,,29-09-2015 12:37,,,
NCCM_48283,29-09-2015 13:47,NORMAL,IN PROGRESS,BTNCCM,5,sadvitot,Provisioning-Network,NCCM_BM_Tx_ConfigureTxServiceInPEWindow,,,29-09-2015 13:50,,,
NCCM_48363,30-09-2015 19:18,NORMAL,IN PROGRESS,BTNCCM,5,omprakash.kore,Provisioning-Network,NCCM_BM_Tx_ConfigureTxServiceInPEWindow,,,30-09-2015 19:20,,,
NCCM_48364,30-09-2015 19:34,NORMAL,IN PROGRESS,BTNCCM,5,VHole,Provisioning-Network,NCCM_BM_Tx_ConfigureTxServiceInPEWindow,,,30-09-2015 19:36,,,
NCCM_48365,30-09-2015 19:37,NORMAL,IN PROGRESS,BTNCCM,5,VHole,Provisioning-Network,NCCM_BM_Tx_ConfigureTxServiceInPEWindow,,,30-09-2015 19:38,,,
NCCM_48462,02-10-2015 14:24,NORMAL,IN PROGRESS,BTNCCM,5,VHole,Provisioning-Network,NCCM_BM_Tx_ConfigureTxServiceInPEWindow,,,02-10-2015 14:25,,,
NCCM_48490,05-10-2015 13:38,NORMAL,IN PROGRESS,BTNCCM,5,VHole,Provisioning-Network,NCCM_BM_Tx_ConfigureTxServiceInPEWindow,,,05-10-2015 13:42,,,
NCCM_48504,05-10-2015 15:49,NORMAL,IN PROGRESS,BTNCCM,5,VHole,Provisioning-Network,NCCM_BM_Tx_ConfigureTxServiceInPEWindow,,,05-10-2015 15:51,,,
NCCM_48590,07-10-2015 12:58,NORMAL,IN PROGRESS,BTNCCM,5,VHole,Provisioning-Network,NCCM_BM_Tx_ConfigureTxServiceInPEWindow,,,07-10-2015 13:02,,,
NCCM_48609,07-10-2015 18:59,NORMAL,IN PROGRESS,BTNCCM,5,VHole,Provisioning-Network,NCCM_BM_Tx_ConfigureTxServiceInPEWindow,,,07-10-2015 19:01,,,
NCCM_48468,03-10-2015 16:12,NORMAL,IN PROGRESS,BTNCCM,5,ploni,Provisioning-Network,NCCM_BM_Tx_ConfigureTxServiceInPEWindow,,,08-10-2015 00:00,,,
NCCM_48635,08-10-2015 13:25,NORMAL,IN PROGRESS,BTNCCM,5,VHole,Provisioning-Network,NCCM_BM_Tx_ConfigureTxServiceInPEWindow,,,08-10-2015 13:31,,,
NCCM_48637,08-10-2015 13:54,NORMAL,IN PROGRESS,BTNCCM,5,VHole,Provisioning-Network,NCCM_BM_Tx_ConfigureTxServiceInPEWindow,,,08-10-2015 13:56,,,
NCCM_48654,08-10-2015 18:07,NORMAL,IN PROGRESS,BTNCCM,5,JKathare,Provisioning-Network,NCCM_BM_Tx_ConfigureTxServiceInPEWindow,,,08-10-2015 18:25,,,
NCCM_48657,08-10-2015 18:29,NORMAL,IN PROGRESS,BTNCCM,5,AFating,Provisioning-Network,NCCM_BM_Tx_ConfigureTxServiceInPEWindow,,,08-10-2015 18:49,,,
NCCM_48766,13-10-2015 13:06,NORMAL,IN PROGRESS,BTNCCM,5,VHole,Provisioning-Network,NCCM_BM_Tx_ConfigureTxServiceInPEWindow,,,13-10-2015 13:08,,,
NCCM_48767,13-10-2015 15:16,NORMAL,IN PROGRESS,BTNCCM,5,JKathare,Provisioning-Network,NCCM_BM_Tx_ConfigureTxServiceInPEWindow,,,13-10-2015 15:18,,,
NCCM_48786,13-10-2015 18:57,NORMAL,IN PROGRESS,BTNCCM,5,VHole,Provisioning-Network,NCCM_BM_Tx_ConfigureTxServiceInPEWindow,,,13-10-2015 19:04,,,
NCCM_48896,15-10-2015 10:12,NORMAL,IN PROGRESS,BTNCCM,5,VHole,Provisioning-Network,NCCM_BM_Tx_ConfigureTxServiceInPEWindow,,,15-10-2015 10:14,,,
NCCM_48897,15-10-2015 11:08,NORMAL,IN PROGRESS,BTNCCM,5,VHole,Provisioning-Network,NCCM_BM_Tx_ConfigureTxServiceInPEWindow,,,15-10-2015 11:09,,,
NCCM_48974,15-10-2015 15:49,NORMAL,IN PROGRESS,BTNCCM,5,AFating,Provisioning-Network,NCCM_BM_Tx_ConfigureTxServiceInPEWindow,,,15-10-2015 15:57,,,
NCCM_49059,16-10-2015 13:18,NORMAL,IN PROGRESS,BTNCCM,5,JKathare,Provisioning-Network,NCCM_BM_Tx_ConfigureTxServiceInPEWindow,,,16-10-2015 13:23,,,
NCCM_49065,16-10-2015 16:17,NORMAL,IN PROGRESS,BTNCCM,5,JKathare,Provisioning-Network,NCCM_BM_Tx_ConfigureTxServiceInPEWindow,,,16-10-2015 16:22,,,
NCCM_32888,30-09-2014 12:40,NORMAL,IN PROGRESS,BTNCCM,5,hemant.pawar,Provisioning-Network,NCCM_BM_Tx_ConfigureTxServiceInPEWindow,,,18-10-2015 00:00,,,
NCCM_49145,19-10-2015 18:53,NORMAL,IN PROGRESS,BTNCCM,5,VHole,Provisioning-Network,NCCM_BM_Tx_ConfigureTxServiceInPEWindow,,,19-10-2015 18:54,,,
NCCM_49304,21-10-2015 13:59,NORMAL,IN PROGRESS,BTNCCM,5,VHole,Provisioning-Network,NCCM_BM_Tx_ConfigureTxServiceInPEWindow,,,21-10-2015 14:05,,,
NCCM_49366,24-10-2015 12:30,NORMAL,IN PROGRESS,BTNCCM,5,JKathare,Provisioning-Network,NCCM_BM_Tx_ConfigureTxServiceInPEWindow,,,24-10-2015 12:32,,,
NCCM_49417,26-10-2015 16:19,NORMAL,IN PROGRESS,BTNCCM,5,JKathare,Provisioning-Network,NCCM_BM_Tx_ConfigureTxServiceInPEWindow,,,26-10-2015 16:28,,,
NCCM_49418,26-10-2015 16:37,NORMAL,IN PROGRESS,BTNCCM,5,AFating,Provisioning-Network,NCCM_BM_Tx_ConfigureTxServiceInPEWindow,,,26-10-2015 16:41,,,
NCCM_49543,27-10-2015 19:11,NORMAL,IN PROGRESS,BTNCCM,5,JKathare,Provisioning-Network,NCCM_BM_Tx_ConfigureTxServiceInPEWindow,,,27-10-2015 19:12,,,
NCCM_49667,28-10-2015 16:10,NORMAL,IN PROGRESS,BTNCCM,5,ISInamda,Provisioning-Network,NCCM_BM_Tx_ConfigureTxServiceInPEWindow,,,28-10-2015 16:13,,,
NCCM_49669,28-10-2015 16:17,NORMAL,IN PROGRESS,BTNCCM,5,ISInamda,Provisioning-Network,NCCM_BM_Tx_ConfigureTxServiceInPEWindow,,,28-10-2015 16:18,,,
NCCM_49765,29-10-2015 18:22,NORMAL,IN PROGRESS,BTNCCM,5,JKathare,Provisioning-Network,NCCM_BM_Tx_ConfigureTxServiceInPEWindow,,,29-10-2015 18:24,,,
NCCM_49767,29-10-2015 18:25,NORMAL,IN PROGRESS,BTNCCM,5,JKathare,Provisioning-Network,NCCM_BM_Tx_ConfigureTxServiceInPEWindow,,,29-10-2015 18:29,,,
NCCM_49774,29-10-2015 21:01,NORMAL,IN PROGRESS,BTNCCM,5,JKathare,Provisioning-Network,NCCM_BM_Tx_ConfigureTxServiceInPEWindow,,,29-10-2015 21:02,,,
NCCM_49777,30-10-2015 12:35,NORMAL,IN PROGRESS,BTNCCM,5,JKathare,Provisioning-Network,NCCM_BM_Tx_ConfigureTxServiceInPEWindow,,,30-10-2015 12:39,,,
NCCM_49778,30-10-2015 13:34,NORMAL,IN PROGRESS,BTNCCM,5,ISInamda,Provisioning-Network,NCCM_BM_Tx_ConfigureTxServiceInPEWindow,,,30-10-2015 14:41,,,
NCCM_49870,02-11-2015 19:01,NORMAL,IN PROGRESS,BTNCCM,5,JKathare,Provisioning-Network,NCCM_BM_Tx_ConfigureTxServiceInPEWindow,,,02-11-2015 19:02,,,
NCCM_49958,03-11-2015 18:30,NORMAL,IN PROGRESS,BTNCCM,5,JKathare,Provisioning-Network,NCCM_BM_Tx_ConfigureTxServiceInPEWindow,,,03-11-2015 18:32,,,
NCCM_49978,04-11-2015 12:55,NORMAL,IN PROGRESS,BTNCCM,5,ISInamda,Provisioning-Network,NCCM_BM_Tx_ConfigureTxServiceInPEWindow,,,04-11-2015 12:58,,,
NCCM_50006,04-11-2015 19:18,NORMAL,IN PROGRESS,BTNCCM,5,ISInamda,Provisioning-Network,NCCM_BM_Tx_ConfigureTxServiceInPEWindow,,,04-11-2015 19:20,,,
NCCM_42437,25-06-2015 10:43,NORMAL,IN PROGRESS,BTNCCM,5,SupriKat,Provisioning-Network,NCCM_BM_Tx_ConfigureTxServiceInPEWindow,,,05-11-2015 11:36,,,
NCCM_50056,05-11-2015 16:49,NORMAL,IN PROGRESS,BTNCCM,5,JKathare,Provisioning-Network,NCCM_BM_Tx_ConfigureTxServiceInPEWindow,,,05-11-2015 16:50,,,
NCCM_50092,06-11-2015 12:53,NORMAL,IN PROGRESS,BTNCCM,5,ISInamda,Provisioning-Network,NCCM_BM_Tx_ConfigureTxServiceInPEWindow,,,06-11-2015 12:55,,,
NCCM_50105,06-11-2015 15:48,NORMAL,IN PROGRESS,BTNCCM,5,amit.kumar1,Provisioning-Network,NCCM_BM_Tx_ConfigureTxServiceInPEWindow,,,06-11-2015 15:59,,,
NCCM_50222,13-11-2015 14:27,NORMAL,IN PROGRESS,BTNCCM,5,ISInamda,Provisioning-Network,NCCM_BM_Tx_ConfigureTxServiceInPEWindow,,,13-11-2015 14:30,,,
NCCM_50269,16-11-2015 12:51,NORMAL,IN PROGRESS,BTNCCM,5,omprakash.kore,Provisioning-Network,NCCM_BM_Tx_ConfigureTxServiceInPEWindow,,,16-11-2015 12:55,,,
NCCM_50270,16-11-2015 12:52,NORMAL,IN PROGRESS,BTNCCM,5,omprakash.kore,Provisioning-Network,NCCM_BM_Tx_ConfigureTxServiceInPEWindow,,,16-11-2015 12:55,,,
NCCM_50380,17-11-2015 12:57,NORMAL,IN PROGRESS,BTNCCM,5,JKathare,Provisioning-Network,NCCM_BM_Tx_ConfigureTxServiceInPEWindow,,,17-11-2015 13:00,,,
NCCM_50432,17-11-2015 15:59,NORMAL,IN PROGRESS,BTNCCM,5,hemant.pawar,Provisioning-Network,NCCM_BM_Tx_ConfigureTxServiceInPEWindow,,,17-11-2015 16:06,,,
NCCM_50498,17-11-2015 19:08,NORMAL,IN PROGRESS,BTNCCM,5,ISInamda,Provisioning-Network,NCCM_BM_Tx_ConfigureTxServiceInPEWindow,,,17-11-2015 19:11,,,
NCCM_50501,18-11-2015 10:16,NORMAL,IN PROGRESS,BTNCCM,5,ISInamda,Provisioning-Network,NCCM_BM_Tx_ConfigureTxServiceInPEWindow,,,18-11-2015 10:17,,,
NCCM_50567,18-11-2015 16:47,NORMAL,IN PROGRESS,BTNCCM,5,ISInamda,Provisioning-Network,NCCM_BM_Tx_ConfigureTxServiceInPEWindow,,,18-11-2015 16:54,,,
NCCM_50572,18-11-2015 18:15,NORMAL,IN PROGRESS,BTNCCM,5,JKathare,Provisioning-Network,NCCM_BM_Tx_ConfigureTxServiceInPEWindow,,,18-11-2015 18:16,,,
NCCM_50578,19-11-2015 11:40,NORMAL,IN PROGRESS,BTNCCM,5,ISInamda,Provisioning-Network,NCCM_BM_Tx_ConfigureTxServiceInPEWindow,,,19-11-2015 11:45,,,
NCCM_50670,20-11-2015 19:03,NORMAL,IN PROGRESS,BTNCCM,5,JKathare,Provisioning-Network,NCCM_BM_Tx_ConfigureTxServiceInPEWindow,,,20-11-2015 19:05,,,
NCCM_50702,23-11-2015 12:20,NORMAL,IN PROGRESS,BTNCCM,5,JKathare,Provisioning-Network,NCCM_BM_Tx_ConfigureTxServiceInPEWindow,,,23-11-2015 12:33,,,
NCCM_50739,24-11-2015 15:10,NORMAL,IN PROGRESS,BTNCCM,5,ISInamda,Provisioning-Network,NCCM_BM_Tx_ConfigureTxServiceInPEWindow,,,24-11-2015 15:22,,,
NCCM_50755,24-11-2015 18:03,NORMAL,IN PROGRESS,BTNCCM,5,ISInamda,Provisioning-Network,NCCM_BM_Tx_ConfigureTxServiceInPEWindow,,,24-11-2015 18:17,,,
NCCM_50798,26-11-2015 13:03,NORMAL,IN PROGRESS,BTNCCM,5,JKathare,Provisioning-Network,NCCM_BM_Tx_ConfigureTxServiceInPEWindow,,,26-11-2015 13:10,,,
NCCM_50837,26-11-2015 20:39,NORMAL,IN PROGRESS,BTNCCM,5,JKathare,Provisioning-Network,NCCM_BM_Tx_ConfigureTxServiceInPEWindow,,,26-11-2015 20:40,,,
NCCM_50980,27-11-2015 15:43,NORMAL,IN PROGRESS,BTNCCM,5,AFating,Provisioning-Network,NCCM_BM_Tx_ConfigureTxServiceInPEWindow,,,27-11-2015 15:48,,,
NCCM_51136,01-12-2015 15:11,NORMAL,IN PROGRESS,BTNCCM,5,ISInamda,Provisioning-Network,NCCM_BM_Tx_ConfigureTxServiceInPEWindow,,,01-12-2015 15:17,,,
NCCM_51140,01-12-2015 17:15,NORMAL,IN PROGRESS,BTNCCM,5,SupriKat,Provisioning-Network,NCCM_BM_Tx_ConfigureTxServiceInPEWindow,,,01-12-2015 17:18,,,
NCCM_51141,01-12-2015 17:50,NORMAL,IN PROGRESS,BTNCCM,5,AFating,Provisioning-Network,NCCM_BM_Tx_ConfigureTxServiceInPEWindow,,,01-12-2015 17:59,,,
NCCM_51146,02-12-2015 11:41,NORMAL,IN PROGRESS,BTNCCM,5,AFating,Provisioning-Network,NCCM_BM_Tx_ConfigureTxServiceInPEWindow,,,02-12-2015 11:45,,,
NCCM_51148,02-12-2015 11:46,NORMAL,IN PROGRESS,BTNCCM,5,AFating,Provisioning-Network,NCCM_BM_Tx_ConfigureTxServiceInPEWindow,,,02-12-2015 11:48,,,
NCCM_51152,02-12-2015 13:18,NORMAL,IN PROGRESS,BTNCCM,5,ISInamda,Provisioning-Network,NCCM_BM_Tx_ConfigureTxServiceInPEWindow,,,02-12-2015 13:21,,,
NCCM_51197,03-12-2015 12:53,NORMAL,IN PROGRESS,BTNCCM,5,ISInamda,Provisioning-Network,NCCM_BM_Tx_ConfigureTxServiceInPEWindow,,,03-12-2015 12:55,,,
NCCM_51217,03-12-2015 17:51,NORMAL,IN PROGRESS,BTNCCM,5,ISInamda,Provisioning-Network,NCCM_BM_Tx_ConfigureTxServiceInPEWindow,,,03-12-2015 17:53,,,
NCCM_51244,04-12-2015 13:31,NORMAL,IN PROGRESS,BTNCCM,5,AFating,Provisioning-Network,NCCM_BM_Tx_ConfigureTxServiceInPEWindow,,,04-12-2015 13:42,,,
NCCM_51275,04-12-2015 15:41,NORMAL,IN PROGRESS,BTNCCM,5,AFating,Provisioning-Network,NCCM_BM_Tx_ConfigureTxServiceInPEWindow,,,04-12-2015 15:48,,,
NCCM_51370,08-12-2015 11:01,NORMAL,IN PROGRESS,BTNCCM,5,ISInamda,Provisioning-Network,NCCM_BM_Tx_ConfigureTxServiceInPEWindow,,,08-12-2015 11:03,,,
NCCM_51549,10-12-2015 11:12,NORMAL,IN PROGRESS,BTNCCM,5,AFating,Provisioning-Network,NCCM_BM_Tx_ConfigureTxServiceInPEWindow,,,10-12-2015 11:16,,,
NCCM_51676,10-12-2015 14:45,NORMAL,IN PROGRESS,BTNCCM,5,ISInamda,Provisioning-Network,NCCM_BM_Tx_ConfigureTxServiceInPEWindow,,,10-12-2015 14:46,,,
NCCM_51677,10-12-2015 14:56,NORMAL,IN PROGRESS,BTNCCM,5,ISInamda,Provisioning-Network,NCCM_BM_Tx_ConfigureTxServiceInPEWindow,,,10-12-2015 14:57,,,
NCCM_51678,10-12-2015 15:00,NORMAL,IN PROGRESS,BTNCCM,5,ISInamda,Provisioning-Network,NCCM_BM_Tx_ConfigureTxServiceInPEWindow,,,10-12-2015 15:05,,,
NCCM_51681,10-12-2015 15:08,NORMAL,IN PROGRESS,BTNCCM,5,ISInamda,Provisioning-Network,NCCM_BM_Tx_ConfigureTxServiceInPEWindow,,,10-12-2015 15:11,,,
NCCM_51713,11-12-2015 11:23,NORMAL,IN PROGRESS,BTNCCM,5,ISInamda,Provisioning-Network,NCCM_BM_Tx_ConfigureTxServiceInPEWindow,,,11-12-2015 11:24,,,
NCCM_51716,11-12-2015 13:05,NORMAL,IN PROGRESS,BTNCCM,5,ISInamda,Provisioning-Network,NCCM_BM_Tx_ConfigureTxServiceInPEWindow,,,11-12-2015 13:06,,,
NCCM_51728,11-12-2015 15:57,NORMAL,IN PROGRESS,BTNCCM,5,ISInamda,Provisioning-Network,NCCM_BM_Tx_ConfigureTxServiceInPEWindow,,,11-12-2015 15:59,,,
NCCM_51800,14-12-2015 17:36,NORMAL,IN PROGRESS,BTNCCM,5,sadvitot,Provisioning-Network,NCCM_BM_Tx_ConfigureTxServiceInPEWindow,,,14-12-2015 17:38,,,
NCCM_51845,16-12-2015 09:55,NORMAL,IN PROGRESS,BTNCCM,5,ISInamda,Provisioning-Network,NCCM_BM_Tx_ConfigureTxServiceInPEWindow,,,16-12-2015 09:57,,,
NCCM_51870,16-12-2015 13:06,NORMAL,IN PROGRESS,BTNCCM,5,ISInamda,Provisioning-Network,NCCM_BM_Tx_ConfigureTxServiceInPEWindow,,,16-12-2015 13:07,,,
NCCM_51897,17-12-2015 10:27,NORMAL,IN PROGRESS,BTNCCM,5,ISInamda,Provisioning-Network,NCCM_BM_Tx_ConfigureTxServiceInPEWindow,,,17-12-2015 10:29,,,
NCCM_51899,17-12-2015 11:41,NORMAL,IN PROGRESS,BTNCCM,5,AFating,Provisioning-Network,NCCM_BM_Tx_ConfigureTxServiceInPEWindow,,,17-12-2015 11:45,,,
NCCM_51903,17-12-2015 11:58,NORMAL,IN PROGRESS,BTNCCM,5,ISInamda,Provisioning-Network,NCCM_BM_Tx_ConfigureTxServiceInPEWindow,,,17-12-2015 11:59,,,
NCCM_51910,17-12-2015 13:22,NORMAL,IN PROGRESS,BTNCCM,5,AFating,Provisioning-Network,NCCM_BM_Tx_ConfigureTxServiceInPEWindow,,,17-12-2015 13:27,,,
NCCM_51913,17-12-2015 13:31,NORMAL,IN PROGRESS,BTNCCM,5,AFating,Provisioning-Network,NCCM_BM_Tx_ConfigureTxServiceInPEWindow,,,17-12-2015 13:33,,,
NCCM_51914,17-12-2015 13:33,NORMAL,IN PROGRESS,BTNCCM,5,AFating,Provisioning-Network,NCCM_BM_Tx_ConfigureTxServiceInPEWindow,,,17-12-2015 13:35,,,
NCCM_51916,17-12-2015 13:37,NORMAL,IN PROGRESS,BTNCCM,5,AFating,Provisioning-Network,NCCM_BM_Tx_ConfigureTxServiceInPEWindow,,,17-12-2015 13:39,,,
NCCM_51921,17-12-2015 14:51,NORMAL,IN PROGRESS,BTNCCM,5,ISInamda,Provisioning-Network,NCCM_BM_Tx_ConfigureTxServiceInPEWindow,,,17-12-2015 14:52,,,
NCCM_51946,17-12-2015 20:27,NORMAL,IN PROGRESS,BTNCCM,5,ISInamda,Provisioning-Network,NCCM_BM_Tx_ConfigureTxServiceInPEWindow,,,17-12-2015 20:29,,,
NCCM_52064,21-12-2015 11:59,NORMAL,IN PROGRESS,BTNCCM,5,AFating,Provisioning-Network,NCCM_BM_Tx_ConfigureTxServiceInPEWindow,,,21-12-2015 12:02,,,
NCCM_52065,21-12-2015 12:02,NORMAL,IN PROGRESS,BTNCCM,5,AFating,Provisioning-Network,NCCM_BM_Tx_ConfigureTxServiceInPEWindow,,,21-12-2015 12:05,,,
NCCM_52074,21-12-2015 14:49,NORMAL,IN PROGRESS,BTNCCM,5,AFating,Provisioning-Network,NCCM_BM_Tx_ConfigureTxServiceInPEWindow,,,21-12-2015 14:52,,,
NCCM_52078,21-12-2015 15:57,NORMAL,IN PROGRESS,BTNCCM,5,AFating,Provisioning-Network,NCCM_BM_Tx_ConfigureTxServiceInPEWindow,,,21-12-2015 16:00,,,
NCCM_52082,21-12-2015 16:35,NORMAL,IN PROGRESS,BTNCCM,5,AFating,Provisioning-Network,NCCM_BM_Tx_ConfigureTxServiceInPEWindow,,,21-12-2015 16:40,,,
NCCM_52083,21-12-2015 16:57,NORMAL,IN PROGRESS,BTNCCM,5,ISInamda,Provisioning-Network,NCCM_BM_Tx_ConfigureTxServiceInPEWindow,,,21-12-2015 16:58,,,
NCCM_52098,21-12-2015 18:10,NORMAL,IN PROGRESS,BTNCCM,5,ISInamda,Provisioning-Network,NCCM_BM_Tx_ConfigureTxServiceInPEWindow,,,21-12-2015 19:25,,,
NCCM_52113,22-12-2015 17:50,NORMAL,IN PROGRESS,BTNCCM,5,ISInamda,Provisioning-Network,NCCM_BM_Tx_ConfigureTxServiceInPEWindow,,,22-12-2015 17:52,,,
NCCM_52170,23-12-2015 15:56,NORMAL,IN PROGRESS,BTNCCM,5,ISInamda,Provisioning-Network,NCCM_BM_Tx_ConfigureTxServiceInPEWindow,,,23-12-2015 16:00,,,
NCCM_52179,23-12-2015 16:30,NORMAL,IN PROGRESS,BTNCCM,5,ISInamda,Provisioning-Network,NCCM_BM_Tx_ConfigureTxServiceInPEWindow,,,23-12-2015 16:32,,,
NCCM_52181,23-12-2015 16:32,NORMAL,IN PROGRESS,BTNCCM,5,ISInamda,Provisioning-Network,NCCM_BM_Tx_ConfigureTxServiceInPEWindow,,,23-12-2015 16:35,,,
NCCM_52182,23-12-2015 16:39,NORMAL,IN PROGRESS,BTNCCM,5,ISInamda,Provisioning-Network,NCCM_BM_Tx_ConfigureTxServiceInPEWindow,,,23-12-2015 16:41,,,
NCCM_52242,26-12-2015 19:12,NORMAL,IN PROGRESS,BTNCCM,5,AFating,Provisioning-Network,NCCM_BM_Tx_ConfigureTxServiceInPEWindow,,,26-12-2015 19:15,,,
NCCM_52243,26-12-2015 20:31,NORMAL,IN PROGRESS,BTNCCM,5,AFating,Provisioning-Network,NCCM_BM_Tx_ConfigureTxServiceInPEWindow,,,26-12-2015 20:33,,,
NCCM_52289,28-12-2015 18:32,NORMAL,IN PROGRESS,BTNCCM,5,AFating,Provisioning-Network,NCCM_BM_Tx_ConfigureTxServiceInPEWindow,,,28-12-2015 18:39,,,
NCCM_52338,29-12-2015 16:22,NORMAL,IN PROGRESS,BTNCCM,5,ISInamda,Provisioning-Network,NCCM_BM_Tx_ConfigureTxServiceInPEWindow,,,29-12-2015 16:23,,,
NCCM_52349,29-12-2015 18:08,NORMAL,IN PROGRESS,BTNCCM,5,ISInamda,Provisioning-Network,NCCM_BM_Tx_ConfigureTxServiceInPEWindow,,,29-12-2015 18:09,,,
NCCM_52416,30-12-2015 11:27,NORMAL,IN PROGRESS,BTNCCM,5,ISInamda,Provisioning-Network,NCCM_BM_Tx_ConfigureTxServiceInPEWindow,,,30-12-2015 11:30,,,
NCCM_52455,30-12-2015 13:42,NORMAL,IN PROGRESS,BTNCCM,5,ISInamda,Provisioning-Network,NCCM_BM_Tx_ConfigureTxServiceInPEWindow,,,30-12-2015 13:43,,,
NCCM_52523,01-01-2016 16:53,NORMAL,IN PROGRESS,BTNCCM,5,AFating,Provisioning-Network,NCCM_BM_Tx_ConfigureTxServiceInPEWindow,,,01-01-2016 16:55,,,
NCCM_52531,02-01-2016 12:10,NORMAL,IN PROGRESS,BTNCCM,5,ISInamda,Provisioning-Network,NCCM_BM_Tx_ConfigureTxServiceInPEWindow,,,02-01-2016 12:12,,,
NCCM_52538,02-01-2016 17:03,NORMAL,IN PROGRESS,BTNCCM,5,AFating,Provisioning-Network,NCCM_BM_Tx_ConfigureTxServiceInPEWindow,,,02-01-2016 17:07,,,
NCCM_52539,02-01-2016 18:15,NORMAL,IN PROGRESS,BTNCCM,5,AFating,Provisioning-Network,NCCM_BM_Tx_ConfigureTxServiceInPEWindow,,,02-01-2016 18:19,,,
NCCM_52540,02-01-2016 18:20,NORMAL,IN PROGRESS,BTNCCM,5,AFating,Provisioning-Network,NCCM_BM_Tx_ConfigureTxServiceInPEWindow,,,02-01-2016 18:25,,,
NCCM_52541,02-01-2016 18:24,NORMAL,IN PROGRESS,BTNCCM,5,AFating,Provisioning-Network,NCCM_BM_Tx_ConfigureTxServiceInPEWindow,,,02-01-2016 18:27,,,
NCCM_52631,05-01-2016 14:53,NORMAL,IN PROGRESS,BTNCCM,5,ISInamda,Provisioning-Network,NCCM_BM_Tx_ConfigureTxServiceInPEWindow,,,05-01-2016 15:00,,,
NCCM_52684,06-01-2016 12:33,NORMAL,IN PROGRESS,BTNCCM,5,ISInamda,Provisioning-Network,NCCM_BM_Tx_ConfigureTxServiceInPEWindow,,,06-01-2016 12:35,,,
NCCM_52713,06-01-2016 13:02,NORMAL,IN PROGRESS,BTNCCM,5,ISInamda,Provisioning-Network,NCCM_BM_Tx_ConfigureTxServiceInPEWindow,,,06-01-2016 13:04,,,
NCCM_52829,07-01-2016 18:06,NORMAL,IN PROGRESS,BTNCCM,5,ISInamda,Provisioning-Network,NCCM_BM_Tx_ConfigureTxServiceInPEWindow,,,07-01-2016 18:08,,,
NCCM_52212,24-12-2015 15:58,NORMAL,IN PROGRESS,BTNCCM,5,AFating,Provisioning-Network,NCCM_BM_Tx_ConfigureTxServiceInPEWindow,,,08-01-2016 00:00,,,
NCCM_52872,08-01-2016 11:58,NORMAL,IN PROGRESS,BTNCCM,5,ISInamda,Provisioning-Network,NCCM_BM_Tx_ConfigureTxServiceInPEWindow,,,08-01-2016 11:59,,,
NCCM_52884,08-01-2016 12:58,NORMAL,IN PROGRESS,BTNCCM,5,ISInamda,Provisioning-Network,NCCM_BM_Tx_ConfigureTxServiceInPEWindow,,,08-01-2016 13:00,,,
NCCM_52893,08-01-2016 16:15,NORMAL,IN PROGRESS,BTNCCM,5,ISInamda,Provisioning-Network,NCCM_BM_Tx_ConfigureTxServiceInPEWindow,,,08-01-2016 16:18,,,
NCCM_52901,08-01-2016 17:20,NORMAL,IN PROGRESS,BTNCCM,5,ISInamda,Provisioning-Network,NCCM_BM_Tx_ConfigureTxServiceInPEWindow,,,08-01-2016 17:23,,,
NCCM_52915,08-01-2016 18:38,NORMAL,IN PROGRESS,BTNCCM,5,ISInamda,Provisioning-Network,NCCM_BM_Tx_ConfigureTxServiceInPEWindow,,,08-01-2016 18:40,,,
NCCM_52944,09-01-2016 15:52,NORMAL,IN PROGRESS,BTNCCM,5,ISInamda,Provisioning-Network,NCCM_BM_Tx_ConfigureTxServiceInPEWindow,,,09-01-2016 15:55,,,
NCCM_52961,11-01-2016 12:39,NORMAL,IN PROGRESS,BTNCCM,5,ISInamda,Provisioning-Network,NCCM_BM_Tx_ConfigureTxServiceInPEWindow,,,11-01-2016 12:42,,,
NCCM_52964,11-01-2016 13:49,NORMAL,IN PROGRESS,BTNCCM,5,omprakash.kore,Provisioning-Network,NCCM_BM_Tx_ConfigureTxServiceInPEWindow,,,11-01-2016 13:52,,,
NCCM_53012,12-01-2016 13:58,NORMAL,IN PROGRESS,BTNCCM,5,ISInamda,Provisioning-Network,NCCM_BM_Tx_ConfigureTxServiceInPEWindow,,,12-01-2016 14:00,,,
NCCM_53014,12-01-2016 15:19,NORMAL,IN PROGRESS,BTNCCM,5,ISInamda,Provisioning-Network,NCCM_BM_Tx_ConfigureTxServiceInPEWindow,,,12-01-2016 15:22,,,
NCCM_53021,12-01-2016 15:43,NORMAL,IN PROGRESS,BTNCCM,5,ISInamda,Provisioning-Network,NCCM_BM_Tx_ConfigureTxServiceInPEWindow,,,12-01-2016 15:49,,,
NCCM_53033,12-01-2016 19:01,NORMAL,IN PROGRESS,BTNCCM,5,ISInamda,Provisioning-Network,NCCM_BM_Tx_ConfigureTxServiceInPEWindow,,,12-01-2016 19:02,,,
NCCM_53129,14-01-2016 13:35,NORMAL,IN PROGRESS,BTNCCM,5,ISInamda,Provisioning-Network,NCCM_BM_Tx_ConfigureTxServiceInPEWindow,,,14-01-2016 13:36,,,
NCCM_53152,14-01-2016 18:09,NORMAL,IN PROGRESS,BTNCCM,5,SakArora,Provisioning-Network,NCCM_BM_Tx_ConfigureTxServiceInPEWindow,,,14-01-2016 18:11,,,
NCCM_53202,15-01-2016 12:33,NORMAL,IN PROGRESS,BTNCCM,5,ISInamda,Provisioning-Network,NCCM_BM_Tx_ConfigureTxServiceInPEWindow,,,15-01-2016 12:34,,,
NCCM_53337,18-01-2016 13:50,NORMAL,IN PROGRESS,BTNCCM,5,ISInamda,Provisioning-Network,NCCM_BM_Tx_ConfigureTxServiceInPEWindow,,,18-01-2016 13:52,,,
NCCM_53364,19-01-2016 11:18,NORMAL,IN PROGRESS,BTNCCM,5,ISInamda,Provisioning-Network,NCCM_BM_Tx_ConfigureTxServiceInPEWindow,,,19-01-2016 11:18,,,
NCCM_53365,19-01-2016 11:19,NORMAL,IN PROGRESS,BTNCCM,5,ISInamda,Provisioning-Network,NCCM_BM_Tx_ConfigureTxServiceInPEWindow,,,19-01-2016 11:20,,,
NCCM_53366,19-01-2016 11:31,NORMAL,IN PROGRESS,BTNCCM,5,ISInamda,Provisioning-Network,NCCM_BM_Tx_ConfigureTxServiceInPEWindow,,,19-01-2016 11:34,,,
NCCM_53381,19-01-2016 11:56,NORMAL,IN PROGRESS,BTNCCM,5,ISInamda,Provisioning-Network,NCCM_BM_Tx_ConfigureTxServiceInPEWindow,,,19-01-2016 11:57,,,
NCCM_53433,19-01-2016 13:27,NORMAL,IN PROGRESS,BTNCCM,5,AFating,Provisioning-Network,NCCM_BM_Tx_ConfigureTxServiceInPEWindow,,,19-01-2016 13:31,,,
NCCM_53495,20-01-2016 11:52,NORMAL,IN PROGRESS,BTNCCM,5,ISInamda,Provisioning-Network,NCCM_BM_Tx_ConfigureTxServiceInPEWindow,,,20-01-2016 11:56,,,
NCCM_53540,20-01-2016 18:18,NORMAL,IN PROGRESS,BTNCCM,5,ISInamda,Provisioning-Network,NCCM_BM_Tx_ConfigureTxServiceInPEWindow,,,20-01-2016 18:23,,,
NCCM_53574,21-01-2016 15:58,NORMAL,IN PROGRESS,BTNCCM,5,ISInamda,Provisioning-Network,NCCM_BM_Tx_ConfigureTxServiceInPEWindow,,,21-01-2016 16:01,,,
NCCM_53766,22-01-2016 19:14,NORMAL,IN PROGRESS,BTNCCM,5,ISInamda,Provisioning-Network,NCCM_BM_Tx_ConfigureTxServiceInPEWindow,,,22-01-2016 19:20,,,
NCCM_53780,23-01-2016 17:24,NORMAL,IN PROGRESS,BTNCCM,5,ISInamda,Provisioning-Network,NCCM_BM_Tx_ConfigureTxServiceInPEWindow,,,23-01-2016 17:25,,,
NCCM_53800,25-01-2016 15:29,NORMAL,IN PROGRESS,BTNCCM,5,ISInamda,Provisioning-Network,NCCM_BM_Tx_ConfigureTxServiceInPEWindow,,,25-01-2016 15:30,,,
NCCM_53823,25-01-2016 16:59,NORMAL,IN PROGRESS,BTNCCM,5,AFating,Provisioning-Network,NCCM_BM_Tx_ConfigureTxServiceInPEWindow,,,25-01-2016 17:05,,,
NCCM_53825,25-01-2016 18:22,NORMAL,IN PROGRESS,BTNCCM,5,AzanSidd,Provisioning-Network,NCCM_BM_Tx_ConfigureTxServiceInPEWindow,,,25-01-2016 18:23,,,
NCCM_53839,27-01-2016 11:40,NORMAL,IN PROGRESS,BTNCCM,5,ISInamda,Provisioning-Network,NCCM_BM_Tx_ConfigureTxServiceInPEWindow,,,27-01-2016 11:42,,,
NCCM_53844,27-01-2016 11:52,NORMAL,IN PROGRESS,BTNCCM,5,ISInamda,Provisioning-Network,NCCM_BM_Tx_ConfigureTxServiceInPEWindow,,,27-01-2016 11:54,,,
NCCM_53845,27-01-2016 12:07,NORMAL,IN PROGRESS,BTNCCM,5,ISInamda,Provisioning-Network,NCCM_BM_Tx_ConfigureTxServiceInPEWindow,,,27-01-2016 12:09,,,
NCCM_53851,27-01-2016 12:48,NORMAL,IN PROGRESS,BTNCCM,5,ISInamda,Provisioning-Network,NCCM_BM_Tx_ConfigureTxServiceInPEWindow,,,27-01-2016 12:50,,,
NCCM_53869,27-01-2016 17:09,NORMAL,IN PROGRESS,BTNCCM,5,ISInamda,Provisioning-Network,NCCM_BM_Tx_ConfigureTxServiceInPEWindow,,,27-01-2016 17:11,,,
NCCM_54020,28-01-2016 18:40,NORMAL,IN PROGRESS,BTNCCM,5,ISInamda,Provisioning-Network,NCCM_BM_Tx_ConfigureTxServiceInPEWindow,,,28-01-2016 18:46,,,
NCCM_54021,28-01-2016 18:56,NORMAL,IN PROGRESS,BTNCCM,5,ISInamda,Provisioning-Network,NCCM_BM_Tx_ConfigureTxServiceInPEWindow,,,28-01-2016 18:58,,,
NCCM_54026,29-01-2016 11:07,NORMAL,IN PROGRESS,BTNCCM,5,ISInamda,Provisioning-Network,NCCM_BM_Tx_ConfigureTxServiceInPEWindow,,,29-01-2016 11:09,,,
NCCM_54030,29-01-2016 11:56,NORMAL,IN PROGRESS,BTNCCM,5,ISInamda,Provisioning-Network,NCCM_BM_Tx_ConfigureTxServiceInPEWindow,,,29-01-2016 11:57,,,
NCCM_54031,29-01-2016 12:20,NORMAL,IN PROGRESS,BTNCCM,5,ISInamda,Provisioning-Network,NCCM_BM_Tx_ConfigureTxServiceInPEWindow,,,29-01-2016 12:31,,,
NCCM_54033,29-01-2016 12:57,NORMAL,IN PROGRESS,BTNCCM,5,ISInamda,Provisioning-Network,NCCM_BM_Tx_ConfigureTxServiceInPEWindow,,,29-01-2016 13:02,,,
NCCM_54039,29-01-2016 16:11,NORMAL,IN PROGRESS,BTNCCM,5,ISInamda,Provisioning-Network,NCCM_BM_Tx_ConfigureTxServiceInPEWindow,,,29-01-2016 16:14,,,
NCCM_54045,29-01-2016 17:41,NORMAL,IN PROGRESS,BTNCCM,5,ISInamda,Provisioning-Network,NCCM_BM_Tx_ConfigureTxServiceInPEWindow,,,29-01-2016 17:46,,,
NCCM_54049,29-01-2016 19:34,NORMAL,IN PROGRESS,BTNCCM,5,ISInamda,Provisioning-Network,NCCM_BM_Tx_ConfigureTxServiceInPEWindow,,,29-01-2016 19:35,,,
NCCM_54053,30-01-2016 12:12,NORMAL,IN PROGRESS,BTNCCM,5,ranjoy.das,Provisioning-Network,NCCM_BM_Tx_ConfigureTxServiceInPEWindow,,,30-01-2016 12:21,,,
NCCM_54054,30-01-2016 12:31,NORMAL,IN PROGRESS,BTNCCM,5,ISInamda,Provisioning-Network,NCCM_BM_Tx_ConfigureTxServiceInPEWindow,,,30-01-2016 12:32,,,
NCCM_54058,30-01-2016 15:35,NORMAL,IN PROGRESS,BTNCCM,5,ISInamda,Provisioning-Network,NCCM_BM_Tx_ConfigureTxServiceInPEWindow,,,30-01-2016 15:41,,,
NCCM_54063,30-01-2016 18:14,NORMAL,IN PROGRESS,BTNCCM,5,ISInamda,Provisioning-Network,NCCM_BM_Tx_ConfigureTxServiceInPEWindow,,,30-01-2016 18:16,,,
